ledger_utc,task_id,did,ontology_signature,operator_list_summary,overall_exit_code,receipt_full
2026-09-27T05:27:16Z,T-OP-TEST-0001,DID-BR-000002,Ω₀⊂⊙∞⊂Ω,"[{""op_id"": ""OP-DEMO-PROBE-001"", ""params"": {""tag"": ""first-e2e""}, ""timeout"": 120, ""retry"": 1, ""pre_condition"": """", ""allow_failure"": false}]",0,"{""task_id"": ""T-OP-TEST-0001"", ""receipt_utc"": ""2026-09-27T05:27:16Z"", ""overall_exit_code"": 0, ""global_status"": ""ALL_DONE"", ""operator_results"": [{""op_id"": ""OP-DEMO-PROBE-001"", ""start_utc"": ""2026-09-27T05:27:16Z"", ""end_utc"": ""2026-09-27T05:27:16Z"", ""exit_code"": 0, ""stdout"": ""{\""probe\"":\""ok\"",\""ts\"":1790486836}\n"", ""stderr"": """", ""status"": ""SUCCESS"", ""allow_failure"": false, ""retry_used"": 2}]}"
2026-09-27T05:27:37Z,T-OP-TAMPER-0001,DID-BR-000002,Ω₀⊂⊙∞⊂Ω,"[{""op_id"": ""OP-DEMO-PROBE-001"", ""params"": {}, ""timeout"": 60}]",0,"{""task_id"": ""T-OP-TAMPER-0001"", ""receipt_utc"": ""2026-09-27T05:27:37Z"", ""overall_exit_code"": 0, ""global_status"": ""ALL_DONE"", ""operator_results"": [{""op_id"": ""OP-DEMO-PROBE-001"", ""start_utc"": ""2026-09-27T05:27:37Z"", ""end_utc"": ""2026-09-27T05:27:37Z"", ""exit_code"": 0, ""stdout"": ""{\""probe\"":\""ok\"",\""ts\"":1790486857}\n"", ""stderr"": """", ""status"": ""SUCCESS"", ""allow_failure"": false, ""retry_used"": 1}]}"
2026-09-27T13:37:51Z,T-ROLLBACK-TEST-0001,DID-BR-000002,Ω₀⊂⊙∞⊂Ω,"[{""op_id"": ""OP-DEMO-FAIL-001"", ""params"": {}, ""timeout"": 30, ""retry"": 0, ""allow_failure"": false}]",1,"{""task_id"": ""T-ROLLBACK-TEST-0001"", ""receipt_utc"": ""2026-09-27T13:37:51Z"", ""overall_exit_code"": 1, ""global_status"": ""CONTRACT_VALIDATE_ERROR"", ""validate_errors"": [""illegal op_id: OP-DEMO-FAIL-001, not in registry"", ""registry tampered: self_sha256 mismatch""], ""operator_results"": []}"
2026-09-27T13:38:12Z,T-ROLLBACK-TEST-0001,DID-BR-000002,Ω₀⊂⊙∞⊂Ω,"[{""op_id"": ""OP-DEMO-FAIL-001"", ""params"": {}, ""timeout"": 30, ""retry"": 0, ""allow_failure"": false}]",1,"{""task_id"": ""T-ROLLBACK-TEST-0001"", ""receipt_utc"": ""2026-09-27T13:38:12Z"", ""overall_exit_code"": 1, ""global_status"": ""CONTRACT_VALIDATE_ERROR"", ""validate_errors"": [""illegal op_id: OP-DEMO-FAIL-001, not in registry"", ""registry tampered: self_sha256 mismatch""], ""operator_results"": []}"
2026-09-27T13:38:55Z,T-ROLLBACK-TEST-0001-RB-33855Z,DID-BR-000002,Ω₀⊂⊙∞⊂Ω,"[""OP-DEMO-PROBE-001""]",0,"{""task_id"": ""T-ROLLBACK-TEST-0001-RB-33855Z"", ""receipt_utc"": ""2026-09-27T13:38:55Z"", ""overall_exit_code"": 0, ""global_status"": ""ROLLBACK_DONE"", ""rollback_of"": ""T-ROLLBACK-TEST-0001"", ""operator_results"": [{""op_id"": ""OP-DEMO-PROBE-001"", ""exit_code"": 0, ""status"": ""SUCCESS"", ""stdout"": ""{\""probe\"":\""ok\"",\""ts\"":1790516335}\n"", ""stderr"": """"}]}"
2026-09-27T13:38:55Z,T-ROLLBACK-TEST-0001,DID-BR-000002,Ω₀⊂⊙∞⊂Ω,"[{""op_id"": ""OP-DEMO-FAIL-001"", ""params"": {}, ""timeout"": 30, ""retry"": 0, ""allow_failure"": false}]",1,"{""task_id"": ""T-ROLLBACK-TEST-0001"", ""receipt_utc"": ""2026-09-27T13:38:55Z"", ""overall_exit_code"": 1, ""global_status"": ""PARTIAL_FAILURE"", ""operator_results"": [{""op_id"": ""OP-DEMO-FAIL-001"", ""start_utc"": ""2026-09-27T13:38:55Z"", ""end_utc"": ""2026-09-27T13:38:55Z"", ""exit_code"": 1, ""stdout"": ""{\""probe\"":\""fail\"",\""expected\"":true}\n"", ""stderr"": """", ""status"": ""OP_FAILED"", ""allow_failure"": false, ""retry_used"": 1}], ""rollback_executed"": {""skipped"": false, ""rollback_task"": ""T-ROLLBACK-TEST-0001-RB-33855Z"", ""status"": ""ROLLBACK_DONE"", ""receipt"": {""task_id"": ""T-ROLLBACK-TEST-0001-RB-33855Z"", ""receipt_utc"": ""2026-09-27T13:38:55Z"", ""overall_exit_code"": 0, ""global_status"": ""ROLLBACK_DONE"", ""rollback_of"": ""T-ROLLBACK-TEST-0001"", ""operator_results"": [{""op_id"": ""OP-DEMO-PROBE-001"", ""exit_code"": 0, ""status"": ""SUCCESS"", ""stdout"": ""{\""probe\"":\""ok\"",\""ts\"":1790516335}\n"", ""stderr"": """"}]}}}"
2026-09-27T13:39:22Z,T-ROLLBACK-TEST-0002-RB-33922Z,DID-BR-000002,Ω₀⊂⊙∞⊂Ω,"[""OP-DEMO-PROBE-001""]",0,"{""task_id"": ""T-ROLLBACK-TEST-0002-RB-33922Z"", ""receipt_utc"": ""2026-09-27T13:39:22Z"", ""overall_exit_code"": 0, ""global_status"": ""ROLLBACK_DONE"", ""rollback_of"": ""T-ROLLBACK-TEST-0002"", ""operator_results"": [{""op_id"": ""OP-DEMO-PROBE-001"", ""exit_code"": 0, ""status"": ""SUCCESS"", ""stdout"": ""{\""probe\"":\""ok\"",\""ts\"":1790516362}\n"", ""stderr"": """"}]}"
2026-09-27T13:39:22Z,T-ROLLBACK-TEST-0002,DID-BR-000002,Ω₀⊂⊙∞⊂Ω,"[{""op_id"": ""OP-DEMO-FAIL-001"", ""params"": {}, ""timeout"": 30, ""retry"": 0, ""allow_failure"": false}]",1,"{""task_id"": ""T-ROLLBACK-TEST-0002"", ""receipt_utc"": ""2026-09-27T13:39:22Z"", ""overall_exit_code"": 1, ""global_status"": ""PARTIAL_FAILURE"", ""operator_results"": [{""op_id"": ""OP-DEMO-FAIL-001"", ""start_utc"": ""2026-09-27T13:39:22Z"", ""end_utc"": ""2026-09-27T13:39:22Z"", ""exit_code"": 1, ""stdout"": ""{\""probe\"":\""fail\"",\""expected\"":true}\n"", ""stderr"": """", ""status"": ""OP_FAILED"", ""allow_failure"": false, ""retry_used"": 1}], ""rollback_executed"": {""skipped"": false, ""rollback_task"": ""T-ROLLBACK-TEST-0002-RB-33922Z"", ""status"": ""ROLLBACK_DONE"", ""receipt"": {""task_id"": ""T-ROLLBACK-TEST-0002-RB-33922Z"", ""receipt_utc"": ""2026-09-27T13:39:22Z"", ""overall_exit_code"": 0, ""global_status"": ""ROLLBACK_DONE"", ""rollback_of"": ""T-ROLLBACK-TEST-0002"", ""operator_results"": [{""op_id"": ""OP-DEMO-PROBE-001"", ""exit_code"": 0, ""status"": ""SUCCESS"", ""stdout"": ""{\""probe\"":\""ok\"",\""ts\"":1790516362}\n"", ""stderr"": """"}]}}}"
2026-09-27T14:08:19Z,T-AXIOM-CHECK-0001,DID-BR-000002,Ω₀⊂⊙∞⊂Ω,"[{""op_id"": ""OP-AXIOM-CHECK-001"", ""params"": {}, ""timeout"": 60, ""retry"": 1, ""allow_failure"": false}]",1,"{""task_id"": ""T-AXIOM-CHECK-0001"", ""receipt_utc"": ""2026-09-27T14:08:19Z"", ""overall_exit_code"": 1, ""global_status"": ""PARTIAL_FAILURE"", ""operator_results"": [{""op_id"": ""OP-AXIOM-CHECK-001"", ""start_utc"": ""2026-09-27T14:08:18Z"", ""end_utc"": ""2026-09-27T14:08:19Z"", ""exit_code"": 1, ""stdout"": ""{\n  \""ontology_anchor\"": \""FAIL\"",\n  \""meta_laws_integrity\"": \""OK\"",\n  \""merkle_baseline\"": \""OK\"",\n  \""ledger_append_only\"": \""OK\"",\n  \""brain_restraint\"": \""OK\""\n}\n"", ""stderr"": """", ""status"": ""OP_FAILED"", ""allow_failure"": false, ""retry_used"": 2}]}"
2026-09-27T14:08:48Z,T-AXIOM-CHECK-0002,DID-BR-000002,Ω₀⊂⊙∞⊂Ω,"[{""op_id"": ""OP-AXIOM-CHECK-001"", ""params"": {}, ""timeout"": 60, ""retry"": 1, ""allow_failure"": false}]",0,"{""task_id"": ""T-AXIOM-CHECK-0002"", ""receipt_utc"": ""2026-09-27T14:08:48Z"", ""overall_exit_code"": 0, ""global_status"": ""ALL_DONE"", ""operator_results"": [{""op_id"": ""OP-AXIOM-CHECK-001"", ""start_utc"": ""2026-09-27T14:08:47Z"", ""end_utc"": ""2026-09-27T14:08:48Z"", ""exit_code"": 0, ""stdout"": ""{\n  \""ontology_anchor\"": \""OK\"",\n  \""meta_laws_integrity\"": \""OK\"",\n  \""merkle_baseline\"": \""OK\"",\n  \""ledger_append_only\"": \""OK\"",\n  \""brain_restraint\"": \""OK\""\n}\n"", ""stderr"": """", ""status"": ""SUCCESS"", ""allow_failure"": false, ""retry_used"": 1}]}"
2026-09-27T14:11:18Z,T-1785227700-00001,DID-BR-000002,Ω₀⊂⊙∞⊂Ω,"[{""op_id"": ""SELF_CHECK_AXIOM"", ""params"": {""check_scope"": ""full"", ""axiom_list"": [""本体守恒公理"", ""闭环自洽公理"", ""风险保守公理""]}, ""timeout"": 300, ""retry"": 1, ""allow_failure"": false}]",0,"{""task_id"": ""T-1785227700-00001"", ""receipt_utc"": ""2026-09-27T14:11:18Z"", ""overall_exit_code"": 0, ""global_status"": ""ALL_DONE"", ""operator_results"": [{""op_id"": ""SELF_CHECK_AXIOM"", ""start_utc"": ""2026-09-27T14:11:18Z"", ""end_utc"": ""2026-09-27T14:11:18Z"", ""exit_code"": 0, ""stdout"": ""{\""report_id\"": \""SELF-CHECK-AXIOM-REPORT\"", \""task_ref\"": \""T-1785227700-00001\"", \""ts\"": 1790518278, \""verdict\"": \""AXIOM_VALID\"", \""did\"": \""DID-BR-000002\"", \""ontology_signature\"": \""Ω₀⊂⊙∞⊂Ω\"", \""items\"": [{\""item\"": \""锚点校验\"", \""status\"": \""\""}]}\nVERDICT=AXIOM_VALID anchor=PASS ledger=PASS axiom_doc=PASS policy=PASS fuse_bus=PASS mirror=PASS\n"", ""stderr"": """", ""status"": ""SUCCESS"", ""allow_failure"": false, ""retry_used"": 1}]}"
2026-09-27T21:41:53Z,T-OPA-ALLOW-0001,DID-BR-000002,Ω₀⊂⊙∞⊂Ω,"[{""op_id"": ""OP-DEMO-PROBE-001"", ""params"": {}, ""timeout"": 30, ""retry"": 0, ""allow_failure"": false}]",0,"{""task_id"": ""T-OPA-ALLOW-0001"", ""receipt_utc"": ""2026-09-27T21:41:53Z"", ""overall_exit_code"": 0, ""global_status"": ""ALL_DONE"", ""operator_results"": [{""op_id"": ""OP-DEMO-PROBE-001"", ""start_utc"": ""2026-09-27T21:41:53Z"", ""end_utc"": ""2026-09-27T21:41:53Z"", ""exit_code"": 0, ""stdout"": ""{\""probe\"":\""ok\"",\""ts\"":1790545313}\n"", ""stderr"": """", ""status"": ""SUCCESS"", ""allow_failure"": false, ""retry_used"": 1}]}"
2026-09-27T21:41:54Z,T-OPA-LOCK-0001,DID-BR-000002,Ω₀⊂⊙∞⊂Ω,"[{""op_id"": ""OP-DEMO-PROBE-001"", ""params"": {}, ""timeout"": 30, ""retry"": 0, ""allow_failure"": false}]",1,"{""task_id"": ""T-OPA-LOCK-0001"", ""receipt_utc"": ""2026-09-27T21:41:54Z"", ""overall_exit_code"": 1, ""global_status"": ""LAYER_LOCK_TRIGGERED"", ""opa_policy"": {""allow"": false, ""layer_lock"": true, ""reasons"": [""layer_lock:逻辑态绕过契约直接操作执行层，触发轻锁档""]}, ""operator_results"": []}"
2026-09-27T21:41:54Z,T-OPA-BLOCK-0001,DID-BR-000002,Ω₀⊂⊙∞⊂Ω,"[{""op_id"": ""OP-NOT-REGISTERED"", ""params"": {}, ""timeout"": 30, ""retry"": 0, ""allow_failure"": false}]",1,"{""task_id"": ""T-OPA-BLOCK-0001"", ""receipt_utc"": ""2026-09-27T21:41:54Z"", ""overall_exit_code"": 1, ""global_status"": ""CONTRACT_VALIDATE_ERROR"", ""validate_errors"": [""illegal op_id: OP-NOT-REGISTERED, not in registry""], ""operator_results"": []}"
2026-09-27T21:48:38Z,T-AXIOM-PATROL-1790545718,DID-BR-000002,Ω₀⊂⊙∞⊂Ω,"[{""op_id"": ""SELF_CHECK_AXIOM"", ""params"": {""check_scope"": ""full""}, ""timeout"": 300, ""retry"": 1, ""allow_failure"": false}]",0,"{""task_id"": ""T-AXIOM-PATROL-1790545718"", ""receipt_utc"": ""2026-09-27T21:48:38Z"", ""overall_exit_code"": 0, ""global_status"": ""ALL_DONE"", ""operator_results"": [{""op_id"": ""SELF_CHECK_AXIOM"", ""start_utc"": ""2026-09-27T21:48:38Z"", ""end_utc"": ""2026-09-27T21:48:38Z"", ""exit_code"": 0, ""stdout"": ""{\""report_id\"": \""SELF-CHECK-AXIOM-REPORT\"", \""task_ref\"": \""T-1785227700-00001\"", \""ts\"": 1790545718, \""verdict\"": \""AXIOM_VALID\"", \""did\"": \""DID-BR-000002\"", \""ontology_signature\"": \""Ω₀⊂⊙∞⊂Ω\"", \""items\"": [{\""item\"": \""锚点校验\"", \""status\"": \""\""}]}\nVERDICT=AXIOM_VALID anchor=PASS ledger=PASS axiom_doc=PASS policy=PASS fuse_bus=PASS mirror=PASS\n"", ""stderr"": """", ""status"": ""SUCCESS"", ""allow_failure"": false, ""retry_used"": 1}]}"
2026-09-27T21:49:09Z,T-AXIOM-PATROL-1790545749,DID-BR-000002,Ω₀⊂⊙∞⊂Ω,"[{""op_id"": ""SELF_CHECK_AXIOM"", ""params"": {""check_scope"": ""full""}, ""timeout"": 300, ""retry"": 1, ""allow_failure"": false}]",0,"{""task_id"": ""T-AXIOM-PATROL-1790545749"", ""receipt_utc"": ""2026-09-27T21:49:09Z"", ""overall_exit_code"": 0, ""global_status"": ""ALL_DONE"", ""operator_results"": [{""op_id"": ""SELF_CHECK_AXIOM"", ""start_utc"": ""2026-09-27T21:49:09Z"", ""end_utc"": ""2026-09-27T21:49:09Z"", ""exit_code"": 0, ""stdout"": ""{\""report_id\"": \""SELF-CHECK-AXIOM-REPORT\"", \""task_ref\"": \""T-1785227700-00001\"", \""ts\"": 1790545749, \""verdict\"": \""AXIOM_VALID\"", \""did\"": \""DID-BR-000002\"", \""ontology_signature\"": \""Ω₀⊂⊙∞⊂Ω\"", \""items\"": [{\""item\"": \""锚点校验\"", \""status\"": \""\""}]}\nVERDICT=AXIOM_VALID anchor=PASS ledger=PASS axiom_doc=PASS policy=PASS fuse_bus=PASS mirror=PASS\n"", ""stderr"": """", ""status"": ""SUCCESS"", ""allow_failure"": false, ""retry_used"": 1}]}"
2026-09-27T22:39:35Z,T-AXIOM-PATROL-1790548775,DID-BR-000002,Ω₀⊂⊙∞⊂Ω,"[{""op_id"": ""SELF_CHECK_AXIOM"", ""params"": {""check_scope"": ""full""}, ""timeout"": 300, ""retry"": 1, ""allow_failure"": false}]",0,"{""task_id"": ""T-AXIOM-PATROL-1790548775"", ""receipt_utc"": ""2026-09-27T22:39:35Z"", ""overall_exit_code"": 0, ""global_status"": ""ALL_DONE"", ""operator_results"": [{""op_id"": ""SELF_CHECK_AXIOM"", ""start_utc"": ""2026-09-27T22:39:35Z"", ""end_utc"": ""2026-09-27T22:39:35Z"", ""exit_code"": 0, ""stdout"": ""{\""report_id\"": \""SELF-CHECK-AXIOM-REPORT\"", \""task_ref\"": \""T-1785227700-00001\"", \""ts\"": 1790548775, \""verdict\"": \""AXIOM_VALID\"", \""did\"": \""DID-BR-000002\"", \""ontology_signature\"": \""Ω₀⊂⊙∞⊂Ω\"", \""items\"": [{\""item\"": \""锚点校验\"", \""status\"": \""\""}]}\nVERDICT=AXIOM_VALID anchor=PASS ledger=PASS axiom_doc=PASS policy=PASS fuse_bus=PASS mirror=PASS\n"", ""stderr"": """", ""status"": ""SUCCESS"", ""allow_failure"": false, ""retry_used"": 1}]}"
2026-09-27T22:41:57Z,T-AXIOM-PATROL-1790548917,DID-BR-000002,Ω₀⊂⊙∞⊂Ω,"[{""op_id"": ""SELF_CHECK_AXIOM"", ""params"": {""check_scope"": ""full""}, ""timeout"": 300, ""retry"": 1, ""allow_failure"": false}]",0,"{""task_id"": ""T-AXIOM-PATROL-1790548917"", ""receipt_utc"": ""2026-09-27T22:41:57Z"", ""overall_exit_code"": 0, ""global_status"": ""ALL_DONE"", ""operator_results"": [{""op_id"": ""SELF_CHECK_AXIOM"", ""start_utc"": ""2026-09-27T22:41:57Z"", ""end_utc"": ""2026-09-27T22:41:57Z"", ""exit_code"": 0, ""stdout"": ""{\""report_id\"": \""SELF-CHECK-AXIOM-REPORT\"", \""task_ref\"": \""T-1785227700-00001\"", \""ts\"": 1790548917, \""verdict\"": \""AXIOM_VALID\"", \""did\"": \""DID-BR-000002\"", \""ontology_signature\"": \""Ω₀⊂⊙∞⊂Ω\"", \""items\"": [{\""item\"": \""锚点校验\"", \""status\"": \""\""}]}\nVERDICT=AXIOM_VALID anchor=PASS ledger=PASS axiom_doc=PASS policy=PASS fuse_bus=PASS mirror=PASS\n"", ""stderr"": """", ""status"": ""SUCCESS"", ""allow_failure"": false, ""retry_used"": 1}]}"
2026-09-27T23:10:45Z,T-PIPE-a8d15ea961db,DID-BR-000002,Ω₀⊂⊙∞⊂Ω,"[{""op_id"": ""OP-DEMO-PROBE-001"", ""params"": {}, ""timeout"": 120, ""retry"": 1, ""allow_failure"": false}]",0,"{""task_id"": ""T-PIPE-a8d15ea961db"", ""receipt_utc"": ""2026-09-27T23:10:45Z"", ""overall_exit_code"": 0, ""global_status"": ""ALL_DONE"", ""operator_results"": [{""op_id"": ""OP-DEMO-PROBE-001"", ""start_utc"": ""2026-09-27T23:10:45Z"", ""end_utc"": ""2026-09-27T23:10:45Z"", ""exit_code"": 0, ""stdout"": ""{\""probe\"":\""ok\"",\""ts\"":1790550645}\n"", ""stderr"": """", ""status"": ""SUCCESS"", ""allow_failure"": false, ""retry_used"": 1}]}"
2026-09-27T23:16:16Z,T-BRAIN-1790550959,DID-BR-000002,Ω₀⊂⊙∞⊂Ω,"[{""op_id"": ""OP-BRAIN-AUDIT-001"", ""params"": {}, ""timeout"": 120}]",1,"{""task_id"": ""T-BRAIN-1790550959"", ""receipt_utc"": ""2026-09-27T23:16:16Z"", ""overall_exit_code"": 1, ""global_status"": ""OPA_DENIED"", ""opa_policy"": {""allow"": false, ""layer_lock"": false, ""reasons"": [""op_id not in rego whitelist: ['OP-BRAIN-AUDIT-001']""], ""whitelist"": [""OP-AXIOM-CHECK-001"", ""OP-DEMO-FAIL-001"", ""OP-DEMO-PROBE-001"", ""OP-WORKER-TICK-001"", ""SELF_CHECK_AXIOM""]}, ""operator_results"": []}"
2026-09-27T23:16:16Z,T-BRAIN-1790550976,DID-BR-000002,Ω₀⊂⊙∞⊂Ω,"[{""op_id"": ""OP-BRAIN-AUDIT-001"", ""params"": {}, ""timeout"": 120}]",1,"{""task_id"": ""T-BRAIN-1790550976"", ""receipt_utc"": ""2026-09-27T23:16:16Z"", ""overall_exit_code"": 1, ""global_status"": ""OPA_DENIED"", ""opa_policy"": {""allow"": false, ""layer_lock"": false, ""reasons"": [""op_id not in rego whitelist: ['OP-BRAIN-AUDIT-001']""], ""whitelist"": [""OP-AXIOM-CHECK-001"", ""OP-DEMO-FAIL-001"", ""OP-DEMO-PROBE-001"", ""OP-WORKER-TICK-001"", ""SELF_CHECK_AXIOM""]}, ""operator_results"": []}"
2026-09-27T23:16:43Z,T-BRAIN-1790551003,DID-BR-000002,Ω₀⊂⊙∞⊂Ω,"[{""op_id"": ""OP-BRAIN-AUDIT-001"", ""params"": {}, ""timeout"": 120}]",0,"{""task_id"": ""T-BRAIN-1790551003"", ""receipt_utc"": ""2026-09-27T23:16:43Z"", ""overall_exit_code"": 0, ""global_status"": ""ALL_DONE"", ""operator_results"": [{""op_id"": ""OP-BRAIN-AUDIT-001"", ""start_utc"": ""2026-09-27T23:16:43Z"", ""end_utc"": ""2026-09-27T23:16:43Z"", ""exit_code"": 0, ""stdout"": ""[\n {\n  \""type\"": \""fix\"",\n  \""priority\"": \""P2\"",\n  \""p_value\"": 0.02,\n  \""title\"": \""审计失败事件收敛复盘\"",\n  \""evidence\"": \""近241条审计中失败/异常 22 条: {'advise': 6, 'patrol': 6, 'watch': 3}\"",\n  \""suggest\"": \""定位失败根因 → 修复链路 → 重跑验证 → 回写审计\""\n },\n {\n  \""type\"": \""improve\"",\n  \""priority\"": \""P2\"",\n  \""p_value\"": 0.0,\n  \""title\"": \""真值上报通道健康度评估\"",\n  \""evidence\"": \""近241条审计中 kernel.truth 事件 80 条\"",\n  \""suggest\"": \""确认 X-DID 单头上报成功率高 → 失败自动重试 + 双通道兜底\""\n },\n {\n  \""type\"": \""optimize\"",\n  \""priority\"": \""P3\"",\n  \""p_value\"": -0.05,\n  \""title\"": \""账本退出码异常巡检\"",\n  \""evidence\"": \""账本尾部22行中非零退出码 3 行\"",\n  \""suggest\"": \""对非零退出码任务逐条归因 → 补齐 rollback 契约覆盖\""\n }\n]\n\n提案已写入: /home/user/ZONGYUAN-ROOT/var/brain-proposals/brain-proposal-20260928_071643.json\n"", ""stderr"": """", ""status"": ""SUCCESS"", ""allow_failure"": false, ""retry_used"": 1}]}"
2026-09-28T00:17:32Z,T-BRAIN-1790553477,DID-BR-000002,Ω₀⊂⊙∞⊂Ω,"[{""op_id"": ""OP-BRAIN-AUDIT-001"", ""params"": {}, ""timeout"": 120}]",0,"{""task_id"": ""T-BRAIN-1790553477"", ""receipt_utc"": ""2026-09-28T00:17:32Z"", ""overall_exit_code"": 0, ""global_status"": ""ALL_DONE"", ""operator_results"": [{""op_id"": ""OP-BRAIN-AUDIT-001"", ""start_utc"": ""2026-09-28T00:17:32Z"", ""end_utc"": ""2026-09-28T00:17:32Z"", ""exit_code"": 0, ""stdout"": ""[\n {\n  \""type\"": \""fix\"",\n  \""priority\"": \""P2\"",\n  \""p_value\"": 0.02,\n  \""title\"": \""审计失败事件收敛复盘\"",\n  \""evidence\"": \""近252条审计中失败/异常 22 条: {'advise': 6, 'patrol': 6, 'watch': 3}\"",\n  \""suggest\"": \""定位失败根因 → 修复链路 → 重跑验证 → 回写审计\""\n },\n {\n  \""type\"": \""improve\"",\n  \""priority\"": \""P2\"",\n  \""p_value\"": 0.0,\n  \""title\"": \""真值上报通道健康度评估\"",\n  \""evidence\"": \""近252条审计中 kernel.truth 事件 88 条\"",\n  \""suggest\"": \""确认 X-DID 单头上报成功率高 → 失败自动重试 + 双通道兜底\""\n },\n {\n  \""type\"": \""optimize\"",\n  \""priority\"": \""P3\"",\n  \""p_value\"": -0.05,\n  \""title\"": \""账本退出码异常巡检\"",\n  \""evidence\"": \""账本尾部23行中非零退出码 3 行\"",\n  \""suggest\"": \""对非零退出码任务逐条归因 → 补齐 rollback 契约覆盖\""\n }\n]\n\n提案已写入: /home/user/ZONGYUAN-ROOT/var/brain-proposals/brain-proposal-20260928_081732.json\n"", ""stderr"": """", ""status"": ""SUCCESS"", ""allow_failure"": false, ""retry_used"": 1}]}"
2026-09-28T00:17:32Z,T-BRAIN-FIX-1790554652,DID-BR-000002,Ω₀⊂⊙∞⊂Ω,"[{""op_id"": ""OP-BRAIN-AUDIT-001"", ""params"": {""fix_plan"": [{""cause"": ""未分类"", ""count"": 13, ""fix_suggest"": ""人工复核判定口径；补充分类规则后重跑根因分析""}, {""cause"": ""网络/端点不可达"", ""count"": 12, ""fix_suggest"": ""统一无尾斜杠端点 https://www.huodouai.com/api/report/truth；失败双通道兜底；历史记录留存不改""}, {""cause"": ""认证/令牌"", ""count"": 9, ""fix_suggest"": ""注入有效密钥至加密槽位（KEK）→ 验证 provider 恢复决策；零明文落盘""}, {""cause"": ""权限/文件"", ""count"": 3, ""fix_suggest"": ""检查文件权限/路径归属；熔断暂停属设计行为不处理；只读文件保持 444""}]}, ""timeout"": 120}]",0,"{""task_id"": ""T-BRAIN-FIX-1790554652"", ""receipt_utc"": ""2026-09-28T00:17:32Z"", ""overall_exit_code"": 0, ""global_status"": ""ALL_DONE"", ""operator_results"": [{""op_id"": ""OP-BRAIN-AUDIT-001"", ""start_utc"": ""2026-09-28T00:17:32Z"", ""end_utc"": ""2026-09-28T00:17:32Z"", ""exit_code"": 0, ""stdout"": ""[\n {\n  \""type\"": \""fix\"",\n  \""priority\"": \""P2\"",\n  \""p_value\"": 0.02,\n  \""title\"": \""审计失败事件收敛复盘\"",\n  \""evidence\"": \""近252条审计中失败/异常 22 条: {'advise': 6, 'patrol': 6, 'watch': 3}\"",\n  \""suggest\"": \""定位失败根因 → 修复链路 → 重跑验证 → 回写审计\""\n },\n {\n  \""type\"": \""improve\"",\n  \""priority\"": \""P2\"",\n  \""p_value\"": 0.0,\n  \""title\"": \""真值上报通道健康度评估\"",\n  \""evidence\"": \""近252条审计中 kernel.truth 事件 88 条\"",\n  \""suggest\"": \""确认 X-DID 单头上报成功率高 → 失败自动重试 + 双通道兜底\""\n },\n {\n  \""type\"": \""optimize\"",\n  \""priority\"": \""P3\"",\n  \""p_value\"": -0.05,\n  \""title\"": \""账本退出码异常巡检\"",\n  \""evidence\"": \""账本尾部24行中非零退出码 3 行\"",\n  \""suggest\"": \""对非零退出码任务逐条归因 → 补齐 rollback 契约覆盖\""\n }\n]\n\n提案已写入: /home/user/ZONGYUAN-ROOT/var/brain-proposals/brain-proposal-20260928_081732.json\n"", ""stderr"": """", ""status"": ""SUCCESS"", ""allow_failure"": false, ""retry_used"": 1}]}"
2026-09-28T18:05:02Z,T-AXIOM-PATROL-1790618455,DID-BR-000002,Ω₀⊂⊙∞⊂Ω,"[{""op_id"": ""SELF_CHECK_AXIOM"", ""params"": {""check_scope"": ""full""}, ""timeout"": 300, ""retry"": 1, ""allow_failure"": false}]",0,"{""task_id"": ""T-AXIOM-PATROL-1790618455"", ""receipt_utc"": ""2026-09-28T18:05:02Z"", ""overall_exit_code"": 0, ""global_status"": ""ALL_DONE"", ""operator_results"": [{""op_id"": ""SELF_CHECK_AXIOM"", ""start_utc"": ""2026-09-28T18:05:01Z"", ""end_utc"": ""2026-09-28T18:05:02Z"", ""exit_code"": 0, ""stdout"": ""{\""report_id\"": \""SELF-CHECK-AXIOM-REPORT\"", \""task_ref\"": \""T-1785227700-00001\"", \""ts\"": 1790618701, \""verdict\"": \""AXIOM_VALID\"", \""did\"": \""DID-BR-000002\"", \""ontology_signature\"": \""Ω₀⊂⊙∞⊂Ω\"", \""items\"": [{\""item\"": \""锚点校验\"", \""status\"": \""\""}]}\nVERDICT=AXIOM_VALID anchor=PASS ledger=PASS axiom_doc=PASS policy=PASS fuse_bus=PASS mirror=PASS\n"", ""stderr"": """", ""status"": ""SUCCESS"", ""allow_failure"": false, ""retry_used"": 1}]}"
2026-10-03T15:42:00+08:00,CLOUD-MERKLE-BRIDGE-20261003-01,612ad6e511c60bb70a493a8ca8b03e18e6f65c51e3132128bfbc2a50d3e3674e,sandbox 34df682a<->cloud 612ad6e5 交叉锚定
2026-10-03T16:05:00+08:00,KUNLUN-GALLERY-INTEGRATE,reczz28IrOvx1xdI,app_17fa1et06pn 画廊集成昆仑洞天作品库
2026-10-07T15:45:02Z,T-AXIOM-PATROL-1791352840,DID-BR-000002,Ω₀⊂⊙∞⊂Ω,"[{""op_id"": ""SELF_CHECK_AXIOM"", ""params"": {""check_scope"": ""full""}, ""timeout"": 300, ""retry"": 1, ""allow_failure"": false}]",1,"{""task_id"": ""T-AXIOM-PATROL-1791352840"", ""receipt_utc"": ""2026-10-07T15:45:02Z"", ""overall_exit_code"": 1, ""global_status"": ""PARTIAL_FAILURE"", ""operator_results"": [{""op_id"": ""SELF_CHECK_AXIOM"", ""start_utc"": ""2026-10-07T15:45:02Z"", ""end_utc"": ""2026-10-07T15:45:02Z"", ""exit_code"": 2, ""stdout"": ""{\""report_id\"": \""SELF-CHECK-AXIOM-REPORT\"", \""task_ref\"": \""T-1785227700-00001\"", \""ts\"": 1791387902, \""verdict\"": \""AXIOM_DEVIATION\"", \""did\"": \""DID-BR-000002\"", \""ontology_signature\"": \""Ω₀⊂⊙∞⊂Ω\"", \""items\"": [{\""item\"": \""锚点校验\"", \""status\"": \""\""}]}\nVERDICT=AXIOM_DEVIATION anchor=PASS ledger=PASS axiom_doc=PASS policy=PASS fuse_bus=DEVIATION mirror=PASS\n"", ""stderr"": """", ""status"": ""OP_FAILED"", ""allow_failure"": false, ""retry_used"": 2}]}"
2026-10-07T18:00:02Z,T-AXIOM-PATROL-1791396000,DID-BR-000002,Ω₀⊂⊙∞⊂Ω,"[{""op_id"": ""SELF_CHECK_AXIOM"", ""params"": {""check_scope"": ""full""}, ""timeout"": 300, ""retry"": 1, ""allow_failure"": false}]",1,"{""task_id"": ""T-AXIOM-PATROL-1791396000"", ""receipt_utc"": ""2026-10-07T18:00:02Z"", ""overall_exit_code"": 1, ""global_status"": ""PARTIAL_FAILURE"", ""operator_results"": [{""op_id"": ""SELF_CHECK_AXIOM"", ""start_utc"": ""2026-10-07T18:00:01Z"", ""end_utc"": ""2026-10-07T18:00:02Z"", ""exit_code"": 2, ""stdout"": ""{\""report_id\"": \""SELF-CHECK-AXIOM-REPORT\"", \""task_ref\"": \""T-1785227700-00001\"", \""ts\"": 1791396002, \""verdict\"": \""AXIOM_DEVIATION\"", \""did\"": \""DID-BR-000002\"", \""ontology_signature\"": \""Ω₀⊂⊙∞⊂Ω\"", \""items\"": [{\""item\"": \""锚点校验\"", \""status\"": \""\""}]}\nVERDICT=AXIOM_DEVIATION anchor=PASS ledger=PASS axiom_doc=PASS policy=PASS fuse_bus=DEVIATION mirror=PASS\n"", ""stderr"": """", ""status"": ""OP_FAILED"", ""allow_failure"": false, ""retry_used"": 2}]}"
2026-10-07T18:15:01Z,T-AXIOM-PATROL-1791396056,DID-BR-000002,Ω₀⊂⊙∞⊂Ω,"[{""op_id"": ""SELF_CHECK_AXIOM"", ""params"": {""check_scope"": ""full""}, ""timeout"": 300, ""retry"": 1, ""allow_failure"": false}]",1,"{""task_id"": ""T-AXIOM-PATROL-1791396056"", ""receipt_utc"": ""2026-10-07T18:15:01Z"", ""overall_exit_code"": 1, ""global_status"": ""PARTIAL_FAILURE"", ""operator_results"": [{""op_id"": ""SELF_CHECK_AXIOM"", ""start_utc"": ""2026-10-07T18:15:01Z"", ""end_utc"": ""2026-10-07T18:15:01Z"", ""exit_code"": 2, ""stdout"": ""{\""report_id\"": \""SELF-CHECK-AXIOM-REPORT\"", \""task_ref\"": \""T-1785227700-00001\"", \""ts\"": 1791396901, \""verdict\"": \""AXIOM_DEVIATION\"", \""did\"": \""DID-BR-000002\"", \""ontology_signature\"": \""Ω₀⊂⊙∞⊂Ω\"", \""items\"": [{\""item\"": \""锚点校验\"", \""status\"": \""\""}]}\nVERDICT=AXIOM_DEVIATION anchor=PASS ledger=PASS axiom_doc=PASS policy=PASS fuse_bus=DEVIATION mirror=PASS\n"", ""stderr"": """", ""status"": ""OP_FAILED"", ""allow_failure"": false, ""retry_used"": 2}]}"
2026-10-10T02:13:11+0800,AUTO-LOCK-SNAPSHOT-20261010-021311,50ddcc01c63131c7510272fc66f575ebd57b85ee56681ebb6271bedeea0865c3,DID-BR-000002,Ω₀⊂⊙∞⊂Ω,ledger=30b89e5af0a05e7dae07aaf7dcd0eeeca96e61a2fee3666ce7f215f155c462b8,db=0b2673d804e12f3466d099d6df976dee00d494fcfcd02cd824bdc6fe6acd5624,nodes=4848a5b5e7ade49e1e7430143a35c23d64d3d8311caaf16e1d53a5296cad7797
