sha256,path,size_bytes,lock_time,did,note
93a32f7bd4afd41f528c834f78137689887d6988126cb4c7ae8e4ba18f3e263f,00-ROOT/LOCK-CREDENTIAL-SNAP-CONVERGE-ALL-ROOTS-20260922.md,1421,2026-10-01T13:42:27,DID-BR-000002,核心文本内核锁档
f9704dd8e19633f8a024920aa6fbeda3490bfa3a2acb319dfa01f34f7468205c,00-ROOT/MANIFEST-SNAP-CONVERGE-ALL-ROOTS-20260922.json,479,2026-10-01T13:42:27,DID-BR-000002,核心文本内核锁档
8f67e6db537c78b7a382a81b2d4ee43c24ee9accaddedd1aa1588215e157804c,core/assets-lock/2026-09-13/anchor-session/BASELINE-ANCHOR-20260913.md,2642,2026-10-01T13:42:27,DID-BR-000002,核心文本内核锁档
14e6ebcbc79dba08121227529837421648961326a3aaa25853c64347ea0c2e95,core/assets-lock/2026-09-13/anchor-session/LOCK-CREDENTIAL-ANCHOR-20260913-CLOUD-EXTRACT.md,1658,2026-10-01T13:42:27,DID-BR-000002,核心文本内核锁档
61ef893276d97bcd5619a2aa13dac9e2157792adcb17944dd7f909c743100d16,core/assets-lock/2026-09-13/anchor-session/MANIFEST-ANCHOR-20260913-CLOUD-EXTRACT.json,827,2026-10-01T13:42:27,DID-BR-000002,核心文本内核锁档
8f67e6db537c78b7a382a81b2d4ee43c24ee9accaddedd1aa1588215e157804c,core/assets-lock/2026-09-13/anchor-session/orig-anchor.md,2642,2026-10-01T13:42:27,DID-BR-000002,核心文本内核锁档
1633a71ff6f565ee2500e22da26226c22bf886bf9083f7fbbb2d3f1f4b06a651,core/assets-lock/2026-09-13/kunlun-empress-three-act/.healing_logs/DECISION-AUDIT-PIPELINE-SNAPSHOT-KUNLUN-THREE-ACT-20260913-001.json,229,2026-10-01T13:42:27,DID-BR-000002,核心文本内核锁档
28a75f0ac8534aad64501a6c129b77c8d3a82ceb102563bdef5341e3f9d40751,core/assets-lock/2026-09-13/kunlun-empress-three-act/ATTESTATION-SNAPSHOT-KUNLUN-THREE-ACT-20260913-001.json,720,2026-10-01T13:42:27,DID-BR-000002,核心文本内核锁档
149bc0a5ac892a954dc2df4a12e6699d5c8da3d44353ee34a2a25f9b89788c9e,core/assets-lock/2026-09-13/kunlun-empress-three-act/LOCK-CREDENTIAL-SNAPSHOT-KUNLUN-THREE-ACT-20260913-001.md,3230,2026-10-01T13:42:27,DID-BR-000002,核心文本内核锁档
bbf84e6d83ad4393df5c1602b51d01b6d16fea02ccc7c29241bc5866bcde2462,core/assets-lock/2026-09-13/kunlun-empress-three-act/LV5-COGNITION-1789295637.json,7711,2026-10-01T13:42:27,DID-BR-000002,核心文本内核锁档
5dce442c1403f53dbb29c806d4bbc9a1121edfc7b014f8e19efed89267fe44da,core/assets-lock/2026-09-13/kunlun-empress-three-act/LV6-CIVILIZATION-1789295637.json,6162,2026-10-01T13:42:27,DID-BR-000002,核心文本内核锁档
565a1f0a4e324bb01b61ae04e3eaadb5dc5af5bdc025597b24d22dcd2f905e30,core/assets-lock/2026-09-13/kunlun-empress-three-act/MANIFEST-SNAPSHOT-KUNLUN-THREE-ACT-20260913-001.json,2994,2026-10-01T13:42:27,DID-BR-000002,核心文本内核锁档
72d8ad4d04ce0c33882cd50344431e5ca8a433445bb7f77ba99a93b6afe68adc,core/assets-lock/2026-09-13/kunlun-empress-three-act/PIPELINE-SUMMARY-SNAPSHOT-KUNLUN-THREE-ACT-20260913-001.json,1413,2026-10-01T13:42:27,DID-BR-000002,核心文本内核锁档
d783129bd5190861f68aa706fa8510c763d302c8434dacddd7a307560312043d,core/assets-lock/2026-09-13/kunlun-empress-three-act/efuse_chain.json,818,2026-10-01T13:42:27,DID-BR-000002,核心文本内核锁档
4a0627ecdac104500866de21f905bcbc1a2e5d9e3277f13a420a0b43004cc71a,core/assets-lock/2026-09-13/kunlun-empress-three-act/kunlun-three-act-manifest.json,4366,2026-10-01T13:42:27,DID-BR-000002,核心文本内核锁档
458bd9791810c630fca183819b5aa4a5023b241dd740f8bb8c3ca36a6ab1c5d6,core/assets-lock/2026-09-14/interlink-standard-session/APPROVAL-20260914.md,1143,2026-10-01T13:42:27,DID-BR-000002,核心文本内核锁档
a1c60790e1fdf3e3edb12fbcfe256bfc16668436f9d8981ed2bf79203904de13,core/assets-lock/2026-09-14/interlink-standard-session/APPROVED-20260914.md,1110,2026-10-01T13:42:27,DID-BR-000002,核心文本内核锁档
20daa02df2e704059cf09f2936224305be043d737ba436854a7738250b23896d,core/assets-lock/2026-09-14/interlink-standard-session/LOCK-CREDENTIAL-INTERLINK-STD-V1.0-20260914.md,1660,2026-10-01T13:42:27,DID-BR-000002,核心文本内核锁档
69d538f2c3461f3174c2e68b991513df7d8869cbb16ffc4e1e2135d384905184,core/assets-lock/2026-09-14/interlink-standard-session/LOCK-CREDENTIAL-INTERLINK-STD-V1.0-APPROVAL-20260914.md,1882,2026-10-01T13:42:27,DID-BR-000002,核心文本内核锁档
6b37a6e0b440ac37df37f8623a104a9939cdd61d6984f4fcf7a1e02b6e84973b,core/assets-lock/2026-09-14/interlink-standard-session/LOCK-CREDENTIAL-INTERLINK-STD-V1.0-APPROVED-20260914.md,1780,2026-10-01T13:42:27,DID-BR-000002,核心文本内核锁档
97562e6761f7911bd4ca8391ee6489b8a7b88087bb3a58b0d06f7358c606bca5,core/assets-lock/2026-09-14/interlink-standard-session/MANIFEST-INTERLINK-STD-V1.0-20260914.json,829,2026-10-01T13:42:27,DID-BR-000002,核心文本内核锁档
b513ed598abfe529352c532f304b471224d8618d0037b6aac42602478bf6c25d,core/assets-lock/2026-09-14/interlink-standard-session/MANIFEST-INTERLINK-STD-V1.0-APPROVAL-20260914.json,1146,2026-10-01T13:42:27,DID-BR-000002,核心文本内核锁档
ffe37df48c4809ef9689b29b475a2f3d16633cd8e051727525e89831de687129,core/assets-lock/2026-09-14/interlink-standard-session/MANIFEST-INTERLINK-STD-V1.0-APPROVED-20260914.json,992,2026-10-01T13:42:27,DID-BR-000002,核心文本内核锁档
ec13faa848f2fc4cb0eda535027b1c7719616e8b74dc3b5a0f2cf6815c8b1ed2,core/assets-lock/2026-09-14/interlink-standard-session/全域资源互联交互标准V1.0.md,3818,2026-10-01T13:42:27,DID-BR-000002,核心文本内核锁档
889c0bf6d30b0afebedf445ee7a859b5404c4f577636cf9db6f1426758fd34e0,core/assets-lock/2026-09-14/metalaw-deepen-session/LOCK-CREDENTIAL-METALAW-DEEPEN-V2.0-20260914.md,1684,2026-10-01T13:42:27,DID-BR-000002,核心文本内核锁档
351957af1a9d08dd3816999529e28da3168536d300d0e4555f75faf70b77815b,core/assets-lock/2026-09-14/metalaw-deepen-session/MANIFEST-METALAW-DEEPEN-V2.0-20260914.json,847,2026-10-01T13:42:27,DID-BR-000002,核心文本内核锁档
9807c32223bea25c898c72f265116748f22cb5a1ad5ffd9cc33ee6dc1de24dba,core/assets-lock/2026-09-14/metalaw-deepen-session/昆仑洞天元法体系深化总纲V2.0.md,12375,2026-10-01T13:42:27,DID-BR-000002,核心文本内核锁档
7214e27e7fcd187f554f65f322e3b432365d4363db01a8ab6ae796aedaf351b9,core/assets-lock/2026-09-20/.healing_logs/DECISION-AUDIT-PIPELINE-SNAP-20260920-KUNLUN-4CHAPTER-BREAKPOINT.json,1368,2026-10-01T13:42:27,DID-BR-000002,核心文本内核锁档
9ebc08966236588fa6078cf751465c148ea1246e892ab5f6c7732209dc7162a0,core/assets-lock/2026-09-20/ATTESTATION-SNAP-20260920-KUNLUN-4CHAPTER-BREAKPOINT.json,729,2026-10-01T13:42:27,DID-BR-000002,核心文本内核锁档
751c2ec0122e80c2c21c6fd15d95159a62e6a13a853b92cf0b348d0663728bd4,core/assets-lock/2026-09-20/BREAKPOINT-RESUME-CREDENTIAL-20260920.md,2680,2026-10-01T13:42:27,DID-BR-000002,核心文本内核锁档
f2f867e90720a4fde882af7a5090c23259d590d45a4e5d637f292e2d560f9629,core/assets-lock/2026-09-20/KUNLUN-4CHAPTER-BREAKPOINT-MANIFEST.json,4809,2026-10-01T13:42:27,DID-BR-000002,核心文本内核锁档
e431766d4eb751664ad723e3ecde2fbed136aa5d251f747e71b34bc243b2b8b4,core/assets-lock/2026-09-20/LOCK-CREDENTIAL-SNAP-20260920-KUNLUN-4CHAPTER-BREAKPOINT.md,1907,2026-10-01T13:42:27,DID-BR-000002,核心文本内核锁档
15a510150c2e92a286ad7ae0565a2ae2bf372fec2e7e4a3204139d356c5a1d29,core/assets-lock/2026-09-20/LV5-COGNITION-1789834551.json,2951,2026-10-01T13:42:27,DID-BR-000002,核心文本内核锁档
24e9b2a9f3f731f62e41aa9ca3c63a4337c6c649fc9d4f8ec326f186aee2abf8,core/assets-lock/2026-09-20/LV6-CIVILIZATION-1789834551.json,5948,2026-10-01T13:42:27,DID-BR-000002,核心文本内核锁档
07529ae58e12040f50249569e5b4f0b478d7c111ced40b25549d920d566ead46,core/assets-lock/2026-09-20/MANIFEST-SNAP-20260920-KUNLUN-4CHAPTER-BREAKPOINT.json,1090,2026-10-01T13:42:27,DID-BR-000002,核心文本内核锁档
5bbb74a362d368f3c1cf6a6f472496a081472c89130cf905428f78a06cc2a7ff,core/assets-lock/2026-09-20/PIPELINE-SUMMARY-SNAP-20260920-KUNLUN-4CHAPTER-BREAKPOINT.json,1453,2026-10-01T13:42:27,DID-BR-000002,核心文本内核锁档
03f898c27fbf45ac004f21cb053df73e1d3599f9697ef98bca3041aaf4508589,core/assets-lock/2026-09-20/SOP-CLOUD-HANDSHAKE-BREAKPOINT-ARCHIVE-V1.0.md,4373,2026-10-01T13:42:27,DID-BR-000002,核心文本内核锁档
54c82a3ce7e824aa0fbb9b06b1a89a14eb157de6f6c49c376a42b142cdd6d73b,core/assets-lock/2026-09-20/efuse_chain.json,827,2026-10-01T13:42:27,DID-BR-000002,核心文本内核锁档
8f67e6db537c78b7a382a81b2d4ee43c24ee9accaddedd1aa1588215e157804c,core/assets-lock/BASELINE-ANCHOR-20260913.md,2642,2026-10-01T13:42:27,DID-BR-000002,核心文本内核锁档
7cd29b034a9cf1a3ae22d133d28b31a96932d3fc5a0b179fef1afa2744602bd1,core/config/IDENTITY-NODE-FORMAT-V1.md,798,2026-10-01T13:42:27,DID-BR-000002,核心文本内核锁档
5875952c27c8f7c7a71ce00a22607c0effcdad48cdb4999e194205007ebc0096,core/config/KERNEL-LEARNING.md,7121,2026-10-01T13:42:27,DID-BR-000002,核心文本内核锁档
c81c366aae3d07b33c7a324b88162557871e068fe3603b07be9a6b5618e37630,core/config/META-RULE-NO-BAIDU-NETDISK.md,906,2026-10-01T13:42:27,DID-BR-000002,核心文本内核锁档
37b15a77d29764ca1970030e7e3088fb35a814af733483c43bd5a1fed5aaa150,core/config/META-RULE.AUTO-EVOLUTION-PROCESS.20260922.md,971,2026-10-01T13:42:27,DID-BR-000002,核心文本内核锁档
14d9d5b1ff39912bfbcf111f2624528fee674c7dc5690b09cab82c0f53e898fd,core/config/META-RULE.AUTO-ORGANIZER.20260922.md,745,2026-10-01T13:42:27,DID-BR-000002,核心文本内核锁档
5ffb7cd1a4ec926031ce7ac59c22ec29cbaa5bd6877a8f55dca1a1086521a8d4,core/config/META-RULE.KNOWLEDGE-PROMOTION.20260922.md,608,2026-10-01T13:42:27,DID-BR-000002,核心文本内核锁档
5c50a557b8325645a1318b7d5507b56b573de5fc4526eda28a17052d24589851,core/config/META-RULE.NO-GITHUB.20260922.md,772,2026-10-01T13:42:27,DID-BR-000002,核心文本内核锁档
ad73cb67202190b5355c7b7ccec7891b4beb20a5dda33b7e707820d0493064b1,core/config/agent-output-discipline-sop.json,1448,2026-10-01T13:42:27,DID-BR-000002,核心文本内核锁档
09c62e53b5aed9079dc412770ec4fd9e2fd526e5e5a74ac3045e59087bd383e0,core/config/aios-optimize-manifest.json,2362,2026-10-01T13:42:27,DID-BR-000002,核心文本内核锁档
94dee7a9f877be272689392b42b898a844d6c157914524bef60aab6a7d4c12fc,core/config/zongyuan-core-truths-20260914.json,2022,2026-10-01T13:42:27,DID-BR-000002,核心文本内核锁档
9513964947cb2f3569a7b419c9e5e3a8151cfef061bdd6e7c554fb61659d8b9b,core/delivery/shortdrama-pipeline-v1/README.md,1677,2026-10-01T13:42:27,DID-BR-000002,核心文本内核锁档
5bf4235dfba102860c455f87af21639e2e3ee8d127a48f984781cb7c301895d4,core/delivery/shortdrama-pipeline-v1/docs/01-架构说明.md,7934,2026-10-01T13:42:27,DID-BR-000002,核心文本内核锁档
3fa018451d9a1131b147996cd7f4062a0e5f100f8995a4a026610f4689c4fee2,core/delivery/shortdrama-pipeline-v1/docs/02-SOP操作手册.md,4018,2026-10-01T13:42:27,DID-BR-000002,核心文本内核锁档
899e40473f6cf4a2e039ca2e79c0c01aa41606afdb1f2be2ef6be4caab397806,core/delivery/shortdrama-pipeline-v1/samples/works-data-sample.json,18651,2026-10-01T13:42:27,DID-BR-000002,核心文本内核锁档
c94c102a78ff1ab0da6a297198e18f6cd21ed6920c4d6fb88d3326ebfb1d737b,core/delivery/shortdrama-pipeline-v1/scripts/README.md,804,2026-10-01T13:42:27,DID-BR-000002,核心文本内核锁档
46c65b430d60cc8637a3dbd4813cce5498d9fec66df4bad1fe4a4906bbeab32d,core/delivery/shortdrama-pipeline-v1/templates/分镜模板.json,324,2026-10-01T13:42:27,DID-BR-000002,核心文本内核锁档
6c650fbf7e8eff59fb3ba05f33e217df137456b60729e1820b8767fce25cf710,core/delivery/shortdrama-pipeline-v1/templates/剧本模板.md,459,2026-10-01T13:42:27,DID-BR-000002,核心文本内核锁档
d2d4236735a6fcf105aa7416cb86d7054416c063e3cd08b38af736ad77969aa8,core/delivery/shortdrama-pipeline-v1/templates/提示词模板.md,587,2026-10-01T13:42:27,DID-BR-000002,核心文本内核锁档
386eee5919e63c0b0dffe84ce42c8cbcecfeccfda5cb54fb45a798d6e151c873,core/deploy/CLOUD-HUB-ANCHOR.json,501,2026-10-01T13:42:27,DID-BR-000002,核心文本内核锁档
3fa018451d9a1131b147996cd7f4062a0e5f100f8995a4a026610f4689c4fee2,core/deploy/DEPLOY-CHAIN-PLAN-20260920.md,4018,2026-10-01T13:42:27,DID-BR-000002,核心文本内核锁档
4cbc1573e16be2e49dfeb8adcfbf3f41bfdd77382176467dcf0f9cb201228e58,core/deploy/DEPLOY-STATUS-20260920.md,2224,2026-10-01T13:42:27,DID-BR-000002,核心文本内核锁档
a7b4822ccaf0cca866a2bc3c8ce681ca80fdbf11a871d64e7d6b905bf8ce2193,core/deploy/OFFICIAL-HOMEPAGE-ANCHOR.json,462,2026-10-01T13:42:27,DID-BR-000002,核心文本内核锁档
c642a3367686a31fda33e76973aa78d04d21161edeb702b2ffbdfb598cc00c5a,core/deploy/README-DEPLOY.md,577,2026-10-01T13:42:27,DID-BR-000002,核心文本内核锁档
0cfa78c3a628410d8223cbdd338f8c57301cce00d64096ab70e86c4121120409,core/deploy/auto-pipeline/README.md,712,2026-10-01T13:42:27,DID-BR-000002,核心文本内核锁档
2d7e0cb5f2c736b64e8525869a801b2daf93007b3a45f43afac946e1c5b222c8,core/deploy/auto-pipeline/deploy.sh,1303,2026-10-01T13:42:27,DID-BR-000002,核心文本内核锁档
dfaa8ab0ddf95d6859443f865f730c3495a8171043cfb2dd7fad14503fa85ecc,core/deploy/auto-pipeline/notify-feishu.py,1186,2026-10-01T13:42:27,DID-BR-000002,核心文本内核锁档
6227d7fa37a84f5f9f1abb3bbb199926d6568dad97dc57ce38973fafa3fcc198,core/deploy/auto-pipeline/webhook-receiver.py,2019,2026-10-01T13:42:27,DID-BR-000002,核心文本内核锁档
ba4f8bc3fd3096cfb658717fdde8ca34a6339be196554be400c7b891d11f0369,core/deploy/tasks/DEPLOY-DRAWER-NAV-20261001.json,1618,2026-10-01T13:42:27,DID-BR-000002,核心文本内核锁档
69b768a0fe08643c8baa491b947e7fecc8fcd4187cc493b3b14be24877fd7a4c,core/deploy/works_data-deploy.json,12876,2026-10-01T13:42:27,DID-BR-000002,核心文本内核锁档
5875952c27c8f7c7a71ce00a22607c0effcdad48cdb4999e194205007ebc0096,core/docs/KERNEL-LEARNING.md,7121,2026-10-01T13:42:27,DID-BR-000002,核心文本内核锁档
67c630b174d8f83c7f6a5a6926de13d629d3593d7c043bdbae48d666d11b089b,core/docs/PAPER-COMPRESSION-RULE-V1.0.md,2612,2026-10-01T13:42:27,DID-BR-000002,核心文本内核锁档
07ae3b124ab3bccf1ec5c678de2647062abd0b53b5286f44081766c024770be6,core/docs/README-AIOS优化部署.md,1189,2026-10-01T13:42:27,DID-BR-000002,核心文本内核锁档
1edf7d7912baa1af54e80036c4deacea1e88d7c7b0e7c3067a72e014aa26872d,core/docs/TECHNICAL-WHITEPAPER-V1.5.md,3282,2026-10-01T13:42:27,DID-BR-000002,核心文本内核锁档
dbec64c81b688e2e42514f7b4e3e6139e2db316b846da114eb62d44beb024c02,core/docs/architecture/README.md,4564,2026-10-01T13:42:27,DID-BR-000002,核心文本内核锁档
dc44f79d595615e9063684d581b612677d544b9b41674c04fd0ea55a2b3226a7,core/docs/architecture/SHARE-INDEX.json,98895,2026-10-01T13:42:27,DID-BR-000002,核心文本内核锁档
993c16c97d91ee709f1c4501844b4ae6d8678ba4e4340a3b5987bc670cd2440e,core/docs/architecture/ZONGYUAN-ROOT/.global_root_registry.json,362,2026-10-01T13:42:27,DID-BR-000002,核心文本内核锁档
a856898f765cfcee7bb7d140e381ddbaac3d59b41803ac677450c654f1f751c7,core/docs/architecture/asset-library/drama/KD-DRAMA-0001_绝地天通主线故事大纲_v1.0.0.md,2198,2026-10-01T13:42:27,DID-BR-000002,核心文本内核锁档
e2d3116a1ad566da6f69407cc0f0cc28180828389c8a7a10a4f56d5777901164,core/docs/architecture/asset-library/drama/KD-DRAMA-0001_绝地天通主线故事大纲_v1.0.0.md.meta.json,815,2026-10-01T13:42:27,DID-BR-000002,核心文本内核锁档
4b099c8de5ef139a0fee5ef90ab6534d82f85ed4aaed93362c27b5a8e256e193,core/docs/architecture/asset-library/drama/KD-DRAMA-0002_EP01预告Prompt库_v1.0.0.md,1407,2026-10-01T13:42:27,DID-BR-000002,核心文本内核锁档
6646ca9caba1db357d45cfa8319771072f234f1dabb29c712ed227bab994adcb,core/docs/architecture/asset-library/drama/KD-DRAMA-0002_EP01预告Prompt库_v1.0.0.md.meta.json,791,2026-10-01T13:42:27,DID-BR-000002,核心文本内核锁档
eeb8d46a268072ef4887315fdaa4921060f0f4d5201f1ddaa79f2478a325f002,core/docs/architecture/asset-library/kernel/KD-KERN-0004_KERNEL-RULE-017付费额度约束_v1.0.0.json,931,2026-10-01T13:42:27,DID-BR-000002,核心文本内核锁档
4f100bf016edc2573207428894defb173ea7c74748579eff6f786b9ebc2f9f8a,core/docs/architecture/asset-library/kernel/KD-KERN-0004_KERNEL-RULE-017付费额度约束_v1.0.0.json.meta.json,832,2026-10-01T13:42:27,DID-BR-000002,核心文本内核锁档
60f3aa0b486d0c1af3df8dd33175ee4075363d6f93764bbb2aac6cfe3c89e773,core/docs/architecture/asset-library/whitepaper/KD-WP-0013_西王母KF-M02角色技术白皮书_v1.0.0.md,2737,2026-10-01T13:42:27,DID-BR-000002,核心文本内核锁档
9be442e5686bdd1a2f71bc2c2965a1ab6d95ac02677a02ec93f1f50ecfc229ec,core/docs/architecture/asset-library/whitepaper/KD-WP-0013_西王母KF-M02角色技术白皮书_v1.0.0.md.meta.json,848,2026-10-01T13:42:27,DID-BR-000002,核心文本内核锁档
2f52bab349671c54d3dcb847b76c1f212aaeaf82652fe62cf717c2e43431b22b,core/docs/architecture/asset-library/whitepaper/KD-WP-0014_九天玄女KF-M07角色技术白皮书_v1.0.0.md,2677,2026-10-01T13:42:27,DID-BR-000002,核心文本内核锁档
75d79869e15bcdfd9eae981f0d1285ed251a608f40f696b3f26f8b386cfa3096,core/docs/architecture/asset-library/whitepaper/KD-WP-0014_九天玄女KF-M07角色技术白皮书_v1.0.0.md.meta.json,825,2026-10-01T13:42:27,DID-BR-000002,核心文本内核锁档
ad5e77bc71374911a61a203bb9103432f8515a12e12c9098a36f94037912bfd5,core/docs/architecture/asset-library/whitepaper/KD-WP-0015_昆仑洞天IP商业计划书BP_V1_v1.0.0.md,2760,2026-10-01T13:42:27,DID-BR-000002,核心文本内核锁档
30f1f2e7a2f7d268582e886ad9d2acbb980042878908b029641abc37ca7ed026,core/docs/architecture/asset-library/whitepaper/KD-WP-0015_昆仑洞天IP商业计划书BP_V1_v1.0.0.md.meta.json,836,2026-10-01T13:42:27,DID-BR-000002,核心文本内核锁档
593c89b66d8b47d98c25761f587a932a06694725789562ab9ba9aba1f664a284,core/docs/architecture/batch_update_buttons.py,1462,2026-10-01T13:42:27,DID-BR-000002,核心文本内核锁档
26a7770f20fab9ccbfc367b0b7d78f218c0d2968a5db9b841e9b647decf8f357,core/docs/architecture/business-docs/bp-abstract.md,2906,2026-10-01T13:42:27,DID-BR-000002,核心文本内核锁档
fe8b4f58ecc152c2074c6adb21bf952ed8530b9897bf22dcd3c1b718214a8596,core/docs/architecture/business-docs/project-brief.md,2678,2026-10-01T13:42:27,DID-BR-000002,核心文本内核锁档
e63d0089ff3b853e5678ed3b1e80af6e298b2d5cd85ce4e7dbcb07d2af346478,core/docs/architecture/business-docs/roadmap.md,2724,2026-10-01T13:42:27,DID-BR-000002,核心文本内核锁档
4ad45357790cd9638305b23e8a027772426d577db5085849eae65c0e561b3003,core/docs/architecture/cloud/poller/request_poller.py,5746,2026-10-01T13:42:27,DID-BR-000002,核心文本内核锁档
2d8030927c41c0ad10e721bda29b7cc912a86954844b98965d755bd4ef38ea41,core/docs/architecture/cloud/poller/request_poller_v2.py,9049,2026-10-01T13:42:27,DID-BR-000002,核心文本内核锁档
7397bbb9dedb4dcd3532ae86a116a3faf2d9e03d5eabfa49e7240bfadf5e63f2,core/docs/architecture/cloud/poller/start_poller.sh,2082,2026-10-01T13:42:27,DID-BR-000002,核心文本内核锁档
275d5b8bf136d98f0f176ce1a383ddf5d15350d390ee51e2782cd8b78cc65fee,core/docs/architecture/cloud/reports/CLOUD_REPORT_20260909.md,3829,2026-10-01T13:42:27,DID-BR-000002,核心文本内核锁档
16943cbbc2f445c789e88c44af8400195fbb418fe9148518137c1247ab681eeb,core/docs/architecture/cloud/requests/REQ_DEPLOY_DIFF_PAGE_001.json,1087,2026-10-01T13:42:27,DID-BR-000002,核心文本内核锁档
c6a12961377befdecea1967dfa9f68c2fe96d0c443f2e1e3f9f2c43461e93035,core/docs/architecture/cloud/requests/REQ_DEPLOY_DIFF_PAGE_002.json,2346,2026-10-01T13:42:27,DID-BR-000002,核心文本内核锁档
97ce1b5ca688340ebf03baa2c8046b1318a39d75c46ddad5658eba793a248ee4,core/docs/architecture/cloud/requests/REQ_FULL_RECON_001.json,3418,2026-10-01T13:42:27,DID-BR-000002,核心文本内核锁档
5de3669f8577d2422165a75ea6fbccfe822937248112b66ede79b15300ee45ab,core/docs/architecture/cloud/requests/REQ_IDENTITY_ROLE_001.json,578,2026-10-01T13:42:27,DID-BR-000002,核心文本内核锁档
00cbdf22311f26c9870f3bd6316ebf14f9103a69526ed0dadf9c13a34881287d,core/docs/architecture/cloud/responses/IDENTITY_CONFIRMED.md,4263,2026-10-01T13:42:27,DID-BR-000002,核心文本内核锁档
cd98a4ea4589d5825496411675f2c7b65affa3ec319134ba97fab358e4f42de3,core/docs/architecture/cloud/responses/README.md,129,2026-10-01T13:42:27,DID-BR-000002,核心文本内核锁档
b2d4db82a1700d7aa5e9f42fafce2d8df9dd3b4f17d9046f38d29289b00b823e,core/docs/architecture/config/session-kernel-registry.json,3358,2026-10-01T13:42:27,DID-BR-000002,核心文本内核锁档
94335d3dfb4a40f2312498ccda472f55586e701d1ec5b87a5fb732fca035863a,core/docs/architecture/core/identity/identity_query_api.py,3052,2026-10-01T13:42:27,DID-BR-000002,核心文本内核锁档
c8e79fd878ab41f51e0b27928b51e3ddb4fb540e619e66718f8a0479ab8e788a,core/docs/architecture/core/learning/learning_buffer_evolution.py,2776,2026-10-01T13:42:27,DID-BR-000002,核心文本内核锁档
7af355656b2385d5b58cc57b2566eb317fbcd0739e60a0016aa9478f872ea000,core/docs/architecture/core/optimize/unified_optimize_v2.py,2343,2026-10-01T13:42:27,DID-BR-000002,核心文本内核锁档
e3aa5323839e73dd2c9cb674e913b3ccec3db2400f9bf77d738dab096ab9a509,core/docs/architecture/core/promotion/node_promotion.py,4255,2026-10-01T13:42:27,DID-BR-000002,核心文本内核锁档
64d2ec60388d77a55d4af586db0e9be2ca2417f7e73391ec450cd9c1730ca819,core/docs/architecture/core/queue/task_priority_queue.py,4197,2026-10-01T13:42:27,DID-BR-000002,核心文本内核锁档
0e6ab8fdacc12929f5905c00b3aeb262b3b57b0e1368e8ae47224f2b5e17ca0d,core/docs/architecture/core/truth/AGI-FOUR-CAPABILITY-STACK-SUMMARY-V1.0.md,2352,2026-10-01T13:42:27,DID-BR-000002,核心文本内核锁档
2e609ded8c0d36850e2eb48ca6f115180d0db89815bf711295895124f10c13c2,core/docs/architecture/core/truth/APPROVAL-CONFIRM-20260914.md,709,2026-10-01T13:42:27,DID-BR-000002,核心文本内核锁档
d283b483fd0cf08002fe4a5c476190f52f6b7146f99c2ffcd25dfed8cfb6d0fb,core/docs/architecture/core/truth/APPROVAL-MECHANISM-V1.0.md,2114,2026-10-01T13:42:27,DID-BR-000002,核心文本内核锁档
bb0243bb85f96cb9ef5c4bac200ac389c6fe7fa03f216713a5d314acc236871d,core/docs/architecture/core/truth/ARCHIVE-CAPABILITY-DEPENDENCY-V1.0.md,2909,2026-10-01T13:42:27,DID-BR-000002,核心文本内核锁档
8f67e6db537c78b7a382a81b2d4ee43c24ee9accaddedd1aa1588215e157804c,core/docs/architecture/core/truth/BASELINE-ANCHOR-20260913.md,2642,2026-10-01T13:42:27,DID-BR-000002,核心文本内核锁档
8c0d1273f4717c1f92c13cfa1b602b7d4f0ef6d0418839831588a8c434e83a73,core/docs/architecture/core/truth/BASELINE-ANCHOR-20260914.md,2060,2026-10-01T13:42:27,DID-BR-000002,核心文本内核锁档
050117c26acfb1e0392a795bea2eb3580dec4b4229f09686c0b0e1aeac1f081b,core/docs/architecture/core/truth/CALCULUS-MICROELEMENT-META-V1.0.md,2118,2026-10-01T13:42:27,DID-BR-000002,核心文本内核锁档
44aa6b7ed0743329cced73e5b444770d269ed5bdbf9492dcc0ecbee1264fabab,core/docs/architecture/core/truth/ENSEMBLE-LEARNING-TRUTH-V1.0.md,2463,2026-10-01T13:42:27,DID-BR-000002,核心文本内核锁档
288da8f105fb2050f4e436e5674f1f48e2532053f3f1d8cc430816e436820f29,core/docs/architecture/core/truth/FREE-API-MAX-UTILIZATION-V1.0.md,1399,2026-10-01T13:42:27,DID-BR-000002,核心文本内核锁档
e5d5891370dbe92855c5441f9160087d94918e0b8d508ca871a15f47d5c535ba,core/docs/architecture/core/truth/FULL_ASSET_LOCK_20260909.md,4098,2026-10-01T13:42:27,DID-BR-000002,核心文本内核锁档
0d91e425aba2f258488cd8425a26e436bc0e3ad8949e57e7315ce4ec3f71313f,core/docs/architecture/core/truth/GATEWAY-INTERACTION-V1.0.md,2247,2026-10-01T13:42:27,DID-BR-000002,核心文本内核锁档
b8919f0015e0c932f2645aabd8787ce89b9887c7496039c13189be88d6ebbede,core/docs/architecture/core/truth/GLOBAL-AUTONOMY-META-RULE-V1.0.md,3072,2026-10-01T13:42:27,DID-BR-000002,核心文本内核锁档
1e8bc7fd1ed895d966a62049528e63ecde19f13489f3738076577b99a652bb55,core/docs/architecture/core/truth/GLOBAL-TOTAL-OVERVIEW-V1.0.md,1754,2026-10-01T13:42:27,DID-BR-000002,核心文本内核锁档
35bb2afc2d829a2795e112c5600432ed9b9d35cfd4e6a03d72b3c23cfcdab1ff,core/docs/architecture/core/truth/GOVERNANCE-BLUEPRINT-WEB-V2.0.md,1712,2026-10-01T13:42:27,DID-BR-000002,核心文本内核锁档
4fc60fa9fb6b7b601bb0c5d9ca116d0d16233f742aebc1d580063a483bbb34af,core/docs/architecture/core/truth/GROUP-INTELLIGENCE-ACTIVATION-ARCHITECTURE-V1.0.md,3403,2026-10-01T13:42:27,DID-BR-000002,核心文本内核锁档
aa1ecc3e54bb1cfc322e325daf021d3d1d2e3bc416f55bc19c5723edf5e25780,core/docs/architecture/core/truth/HANDSHAKE-ANCHOR-V1.0.md,3072,2026-10-01T13:42:27,DID-BR-000002,核心文本内核锁档
956e0dca7a750a59e5f3826d6f1042e10e55431cbc6d3d5f508368a780c03666,core/docs/architecture/core/truth/HANDSHAKE-SOP-V1.0.md,4925,2026-10-01T13:42:27,DID-BR-000002,核心文本内核锁档
41ddaa46b48cc115ed06006e070aa54503908ca403c9d88b537b3df7dd63be4d,core/docs/architecture/core/truth/HIGH-VALUE-ASSET-SUPPLEMENT-V1.0.md,2297,2026-10-01T13:42:27,DID-BR-000002,核心文本内核锁档
1990f022ff5ec77e39b0bf6b4f4c3744d93be1ec433d99d8b6b9a71db3f2ed55,core/docs/architecture/core/truth/KERNEL-LOCK-20260913-02.md,1985,2026-10-01T13:42:27,DID-BR-000002,核心文本内核锁档
1785ebe68c124ee2196b751800ae345f8e4cedc38ec667a77c184e61fce05957,core/docs/architecture/core/truth/KNOWLEDGE-BASE-SUPPLEMENT-V1.0.md,2465,2026-10-01T13:42:27,DID-BR-000002,核心文本内核锁档
a67839823267c18fa192bc7970c00ebfd3fd0ad521ea6fc01ebe8e0821fdd124,core/docs/architecture/core/truth/LARK-SCAN-MEMORY-UPDATE-20260914.md,2256,2026-10-01T13:42:27,DID-BR-000002,核心文本内核锁档
de6a43d7490dc28bc93085d4a5f541e46573b7861195c1b55f3011ed389332fa,core/docs/architecture/core/truth/MINIMAL-TRIGGER-PROMPT-V1.0.md,1119,2026-10-01T13:42:27,DID-BR-000002,核心文本内核锁档
acd138369f37496eab523c7b6aad51e630a6a87a5a6bc1bb9606dc67c72c3ec2,core/docs/architecture/core/truth/MULTIMODEL-API-TEST-REPORT-V1.0.md,2351,2026-10-01T13:42:27,DID-BR-000002,核心文本内核锁档
c65e05cd4a3378c6603bdade018ca7748f7911b09b90064204abe425ef1e60d5,core/docs/architecture/core/truth/NODE-ONBOARDING-SOP-V4.0.md,6420,2026-10-01T13:42:27,DID-BR-000002,核心文本内核锁档
757a261bd9c88b4fbf6e97149ff931c4c34838cb1f9c0bd61b376c64c653ff99,core/docs/architecture/core/truth/QUICKCHAT-VIDEO-ARCHIVE-SOP-V1.0.md,3152,2026-10-01T13:42:27,DID-BR-000002,核心文本内核锁档
226a6f77d18c7ba67e3040fde890f5c334478d6b0df8ae9c6930b63fdd54a460,core/docs/architecture/core/truth/ROADMAP_PHASE1_TASKS.json,6553,2026-10-01T13:42:27,DID-BR-000002,核心文本内核锁档
eb90888a64611c73006abf44f36b8401b1ece98761827d99a4538c30bdec6b89,core/docs/architecture/core/truth/ROADMAP_PHASE2_TASKS.json,2826,2026-10-01T13:42:27,DID-BR-000002,核心文本内核锁档
461b200c2f67f3e2093de58bdcccdbb47e2ed768bcdf65f85fcdf91ee76cb129,core/docs/architecture/core/truth/SWARM-PILOT-DEPLOY-RECEIPT-V1.0.md,1321,2026-10-01T13:42:27,DID-BR-000002,核心文本内核锁档
fe530c82b01f763743f7eab394a38f35a9f8ef330bcd9fa8c6b96257750e4c91,core/docs/architecture/core/truth/SWARM-SIM-TEST-REPORT-V1.0.md,2181,2026-10-01T13:42:27,DID-BR-000002,核心文本内核锁档
30bbd0aca8cfa6a69ba3b7e05c8bd640018eca785900bb7c560628c16af36d0d,core/docs/architecture/core/truth/UNIVERSAL-TRIGGER-PROMPT-V2.0.md,2725,2026-10-01T13:42:27,DID-BR-000002,核心文本内核锁档
d3648d179bf7781c7b09cb6aaf66fd495833fa962644d076e869f7a7b12cc2b5,core/docs/architecture/core/truth/WHITEPAPER-FRONTIER-TECH-ANCHOR-V1.0.md,2411,2026-10-01T13:42:27,DID-BR-000002,核心文本内核锁档
1bb60c269ce0cb846caccdc03c7ac3c5ebbf7045669a9eecdbc085e9aeae594f,core/docs/architecture/core/truth/WORLDVIEW-FRESHNESS-META-V1.0.md,2002,2026-10-01T13:42:27,DID-BR-000002,核心文本内核锁档
cd248795dbccfb00ce2dcc2ecddaed6c0bb7881bd698bf0df00682af49475570,core/docs/architecture/core/truth/cloud_integration_plan.md,5810,2026-10-01T13:42:27,DID-BR-000002,核心文本内核锁档
264b424c566c06871946ff266f142cf620ec64844c4da5ea1bab4457678368fd,core/docs/architecture/core/truth/homo_protocol_identity.md,2090,2026-10-01T13:42:27,DID-BR-000002,核心文本内核锁档
70cddf1a0485152946979ce0b7167d50d7691480bfb1be88e889522d569b030a,core/docs/architecture/core/truth/homo_protocol_v1_spec.md,3416,2026-10-01T13:42:27,DID-BR-000002,核心文本内核锁档
6bd6a46497412da3d1980b6b4f53a2b3e662ffbe4e1ba8dfcd57b39dd4c9155e,core/docs/architecture/core/truth/kunlun_production_rules.md,3086,2026-10-01T13:42:27,DID-BR-000002,核心文本内核锁档
20c212011cb7908b6f1b104f88f5f06f32c74a7ad21c8251ea65c6c3cb5508fc,core/docs/architecture/core/truth/l0_task_list.md,3306,2026-10-01T13:42:27,DID-BR-000002,核心文本内核锁档
d0596f1c690f06aeaafe83685d8fbde17632265d7a868e5907c263029562799c,core/docs/architecture/core/truth/matrix_opt_plan.md,4057,2026-10-01T13:42:27,DID-BR-000002,核心文本内核锁档
6af7c360ee4890eda0972f59849c3a166c25d1f5ee5b5fadfc3bb576f33ae955,core/docs/architecture/core/truth/matrix_org_truth.md,1339,2026-10-01T13:42:27,DID-BR-000002,核心文本内核锁档
e0d368060e0a5e5124dbbf28be45349b97896ec54b9884ec8b70d2d3fc4c19c0,core/docs/architecture/core/truth/security_hardening.md,2860,2026-10-01T13:42:27,DID-BR-000002,核心文本内核锁档
477a8f215fc1973de225453b77b38cc158396e29ee091b9d02a3af86e62130ed,core/docs/architecture/core/truth/truth_recon_report.md,3643,2026-10-01T13:42:27,DID-BR-000002,核心文本内核锁档
45463e4870ee04e6bfda7fa3d727f3acc529ba710ccdcad5917eb2202144b54c,core/docs/architecture/demo-showcase/architecture-overview.md,2565,2026-10-01T13:42:27,DID-BR-000002,核心文本内核锁档
a3db4d853175815b1aa2f52402c4e8db8070f0cda6fad623a3149cf0c9ebb28a,core/docs/architecture/demo-showcase/feature-list.md,4326,2026-10-01T13:42:27,DID-BR-000002,核心文本内核锁档
66fcf079cbf48ead2ba2a052994d799b014f231f333219141480cc1670b3e596,core/docs/architecture/demo-showcase/ip-sample-assets/sample-keyframes.md,2740,2026-10-01T13:42:27,DID-BR-000002,核心文本内核锁档
870de2daa59615cb4507554568847b5812eb7c2034f54c8353f0596f88e4f547,core/docs/architecture/demo-showcase/ip-sample-assets/sample-storyboard.md,3396,2026-10-01T13:42:27,DID-BR-000002,核心文本内核锁档
776b993781305faa521ff1758ef1017bc34d6d954921b295ea331691a07a7e26,core/docs/architecture/demo-showcase/ip-sample-assets/sample-voiceover.txt,1252,2026-10-01T13:42:27,DID-BR-000002,核心文本内核锁档
9d9f058fa9a90ef3c86aa431d2cbf217b03db6b9ad2d2de5f27b955030833fb3,core/docs/architecture/demo-showcase/quick-start.md,2176,2026-10-01T13:42:27,DID-BR-000002,核心文本内核锁档
19f1641a8c9abcb489c14e7291f1af734f922889003417c02a1e0c4ff1d00ddf,core/docs/architecture/doc/api_reference.md,4294,2026-10-01T13:42:27,DID-BR-000002,核心文本内核锁档
663564771d9bd7a6f2b6e35979da7f1d2151dbb6e984389c597965cf4328fd80,core/docs/architecture/doc/deploy_quickstart.md,4061,2026-10-01T13:42:27,DID-BR-000002,核心文本内核锁档
fa7280003f107a74b11a471eb66444d63bea0e370bcf5324344d8f68bcd7f982,core/docs/architecture/doc/faq_expanded.md,5049,2026-10-01T13:42:27,DID-BR-000002,核心文本内核锁档
8d1d1ad81fba21c9a09c1e997a73039b1187e55233284d8021c8a96a3198de1e,core/docs/architecture/doc/sdk_development_guide.md,5925,2026-10-01T13:42:27,DID-BR-000002,核心文本内核锁档
a79b770f701e7a5061cf09a413cb738c860cab6ae082a4097530d4df4cb3d5f6,core/docs/architecture/docker-compose.yml,1157,2026-10-01T13:42:27,DID-BR-000002,核心文本内核锁档
04352203c578b1d307ef2ce8fc64160fb2c4f223c63875338ed32d7b45d81fe1,core/docs/architecture/docs/ENGINEERING_OPS_WHITEPAPER_v1.0.md,8732,2026-10-01T13:42:27,DID-BR-000002,核心文本内核锁档
4166ca87c82a479a1c3839e524a27bb80d5c0d961e800cffac7cb3e00c141ada,core/docs/architecture/efuse_chain.json,801,2026-10-01T13:42:27,DID-BR-000002,核心文本内核锁档
c937ba8e9ff7e2d83ab1e6925808b1e41d07b56c530d3e7ef832de85689417c5,core/docs/architecture/engine/.did_keys/did_br_000002_private.pem.ARCHIVED.md,172,2026-10-01T13:42:27,DID-BR-000002,核心文本内核锁档
8fb009bfcbdaf408175c3d9426ca2ab72a42a8975d0f5562a9eba53b2c41747b,core/docs/architecture/engine/.healing_logs/DECISION-AUDIT-PIPELINE-SNAP-20260907-CLOUD-SERVER-REGISTER.json,1338,2026-10-01T13:42:27,DID-BR-000002,核心文本内核锁档
3fca79b2bf7b5d5f1030e85a2ef29f3386073f9d5ea59070ca77ac8b19080201,core/docs/architecture/engine/.healing_logs/DECISION-AUDIT-PIPELINE-SNAP-20260907-ENGINE-MEMORY-GATEWAY.json,1338,2026-10-01T13:42:27,DID-BR-000002,核心文本内核锁档
7caede717d7886be1b983df69db200493cce1bc44234c0e48442e0ee6b82a334,core/docs/architecture/engine/.healing_logs/DECISION-AUDIT-PIPELINE-SNAP-20260907-GIT-BRIDGE-SYNC.json,1326,2026-10-01T13:42:27,DID-BR-000002,核心文本内核锁档
4d265f968f1a29f9f62b5fbfa96b787cb488f78171a6d04ff5a851c3abe64ba8,core/docs/architecture/engine/.healing_logs/DECISION-AUDIT-PIPELINE-SNAP-20260907-KERNEL-PROTOCOL-v1.json,1332,2026-10-01T13:42:27,DID-BR-000002,核心文本内核锁档
c3c926a6cce9408fe5a1d5930411edf3cb0177ee66382fec3f0997a8baf1254a,core/docs/architecture/engine/.healing_logs/DECISION-AUDIT-PIPELINE-SNAP-20260907-TRIPLE-SYNC-GITHUB-GITEE.json,1344,2026-10-01T13:42:27,DID-BR-000002,核心文本内核锁档
d57960b9576433c91faab8afdb70a05127ae36ac71de445751613cdc434de02d,core/docs/architecture/engine/ATTESTATION-SNAP-20260907-CLOUD-SERVER-REGISTER.json,700,2026-10-01T13:42:27,DID-BR-000002,核心文本内核锁档
9c4363c0fc2dbdaf52f2abf798099ee8cceffc929bff283b1c434da9cf068f10,core/docs/architecture/engine/ATTESTATION-SNAP-20260907-ENGINE-MEMORY-GATEWAY.json,700,2026-10-01T13:42:27,DID-BR-000002,核心文本内核锁档
40c7795bfca059cdd7f80e11416e7ce364a290b4c02b8a965a6e24f43c63e30e,core/docs/architecture/engine/ATTESTATION-SNAP-20260907-GIT-BRIDGE-SYNC.json,694,2026-10-01T13:42:27,DID-BR-000002,核心文本内核锁档
1e8136f481ab33629747be9a0a06041b0c8d096440520559a8e8aa38ea6948df,core/docs/architecture/engine/ATTESTATION-SNAP-20260907-KERNEL-PROTOCOL-v1.json,697,2026-10-01T13:42:27,DID-BR-000002,核心文本内核锁档
b3640722c23b56c0e5bbc4e3b42cbc56bc7b756ccce393b938ca9223fc24f8fa,core/docs/architecture/engine/ATTESTATION-SNAP-20260907-TRIPLE-SYNC-GITHUB-GITEE.json,703,2026-10-01T13:42:27,DID-BR-000002,核心文本内核锁档
e09b9d7c5d34cb3f11df2de671e04ddea7485cb988e1adbec445abaa68c9c647,core/docs/architecture/engine/AUTONOMOUS-KERNEL-PROTOCOL-v1.0.0.md,12436,2026-10-01T13:42:27,DID-BR-000002,核心文本内核锁档
9893b556f4fa76f108842e3d9dfbdb121f63738209893716759c9fcdadac5784,core/docs/architecture/engine/EFUSE-VERIFICATION-20260917.json,5199,2026-10-01T13:42:27,DID-BR-000002,核心文本内核锁档
7c8af521bfd7a1bc92dd558bc9afe49818ecd9a7fc74a66109802c93819ee77d,core/docs/architecture/engine/LOCK-CREDENTIAL-SNAP-20260907-CLOUD-SERVER-REGISTER.md,6750,2026-10-01T13:42:27,DID-BR-000002,核心文本内核锁档
55f83e7d17f1d70c57cb8ee63176fb5b708b6ea4f1b153547eaa5b99f911ae2e,core/docs/architecture/engine/LOCK-CREDENTIAL-SNAP-20260907-ENGINE-MEMORY-GATEWAY.md,3140,2026-10-01T13:42:27,DID-BR-000002,核心文本内核锁档
bd6aaf910e9df82cfc8bb267d3c2adb1b412310a400e607ab346d9c57da732d3,core/docs/architecture/engine/LOCK-CREDENTIAL-SNAP-20260907-GIT-BRIDGE-SYNC.md,5974,2026-10-01T13:42:27,DID-BR-000002,核心文本内核锁档
06ff5d3b0b629dffcdb482a357cb13b6cb6aa14bbed3cddc68d2eacc6f56a797,core/docs/architecture/engine/LOCK-CREDENTIAL-SNAP-20260907-KERNEL-PROTOCOL-v1.md,4994,2026-10-01T13:42:27,DID-BR-000002,核心文本内核锁档
fa844dc8f06e8974e9cf80b8ae5a5ef8beec314365e4df1428305254f5feb897,core/docs/architecture/engine/LOCK-CREDENTIAL-SNAP-20260907-TRIPLE-SYNC-GITHUB-GITEE.md,4095,2026-10-01T13:42:27,DID-BR-000002,核心文本内核锁档
cadbf0946994926ff7635bcfd643df62b36b113317b3962e1d32e13a2d10e534,core/docs/architecture/engine/LOCK-GLOBAL-FULL-20260917-154616.json,7372,2026-10-01T13:42:27,DID-BR-000002,核心文本内核锁档
ca9d2dc8056a120c512b8edb27741f91cb5a7f7ac40c03b99418142b27669e81,core/docs/architecture/engine/LV5-COGNITION-1788789934.json,1203,2026-10-01T13:42:27,DID-BR-000002,核心文本内核锁档
9e5f33f5efa6051b7f0b7a8ea5efba7286454f0598ee19c4479d8c745488b539,core/docs/architecture/engine/LV5-COGNITION-1788790212.json,1562,2026-10-01T13:42:27,DID-BR-000002,核心文本内核锁档
b7fc27ea871408df88af4de5274250d06bbff7d84aa36bd7662724ae14439884,core/docs/architecture/engine/LV5-COGNITION-1788791035.json,2235,2026-10-01T13:42:27,DID-BR-000002,核心文本内核锁档
6098490207693155969cc8f228947494ac8e941d8b8df580a9d6e34dad12f079,core/docs/architecture/engine/LV5-COGNITION-1788791561.json,2586,2026-10-01T13:42:27,DID-BR-000002,核心文本内核锁档
71a0721c79823b2a2687fb8fe22b83f5a68ecbe254f9f1cca74da92fbdce2299,core/docs/architecture/engine/LV5-COGNITION-1788792926.json,2914,2026-10-01T13:42:27,DID-BR-000002,核心文本内核锁档
c60db184f7bbcee3d86d9da794c21694d17f47ef86a92009d603dc00ae402448,core/docs/architecture/engine/LV6-CIVILIZATION-1788789934.json,5517,2026-10-01T13:42:27,DID-BR-000002,核心文本内核锁档
9814460ef670c99457be9644ec173dd7726782fdd2b4244bd44c7ea339b3f989,core/docs/architecture/engine/LV6-CIVILIZATION-1788790212.json,5517,2026-10-01T13:42:27,DID-BR-000002,核心文本内核锁档
a716474c21bb53e668fab4222aef5ebd9084b54b36a467d953442e809aa9035e,core/docs/architecture/engine/LV6-CIVILIZATION-1788791035.json,5517,2026-10-01T13:42:27,DID-BR-000002,核心文本内核锁档
6bd6ab234fc6ec9e2c4c360186e5554ecca3cfcfe7043349cdd28a283e07be6c,core/docs/architecture/engine/LV6-CIVILIZATION-1788791561.json,5517,2026-10-01T13:42:27,DID-BR-000002,核心文本内核锁档
d3097988cc7a068a88f9830802fd094802e31f40130aee3f9ca40f5c5aeb90f8,core/docs/architecture/engine/LV6-CIVILIZATION-1788792926.json,5517,2026-10-01T13:42:27,DID-BR-000002,核心文本内核锁档
5220a6de5cb8855746463b49bc9f9edd5d6b7bc4eeaffbc4f24e0e92638b0a1f,core/docs/architecture/engine/MANIFEST-SNAP-20260907-CLOUD-SERVER-REGISTER.json,8094,2026-10-01T13:42:27,DID-BR-000002,核心文本内核锁档
2d81acbe8ff2f0a25d8992a5c5bedd1929f1a4ce3cc22006ac9322f2af2a1471,core/docs/architecture/engine/MANIFEST-SNAP-20260907-ENGINE-MEMORY-GATEWAY.json,2976,2026-10-01T13:42:27,DID-BR-000002,核心文本内核锁档
a644922acb3de6e5462c976d6dc7d94baeb2d9b9af7fb077ca993e38214498b0,core/docs/architecture/engine/MANIFEST-SNAP-20260907-GIT-BRIDGE-SYNC.json,7012,2026-10-01T13:42:27,DID-BR-000002,核心文本内核锁档
0c13cd266222d9755806f061af618bb45798f061d7d585ea1fbc9d99ec50172e,core/docs/architecture/engine/MANIFEST-SNAP-20260907-KERNEL-PROTOCOL-v1.json,5613,2026-10-01T13:42:27,DID-BR-000002,核心文本内核锁档
00c02f2f41b01fb2b82da2a428ec269622d89fcff1bd7d36f3575b38872790f2,core/docs/architecture/engine/MANIFEST-SNAP-20260907-TRIPLE-SYNC-GITHUB-GITEE.json,4344,2026-10-01T13:42:27,DID-BR-000002,核心文本内核锁档
3b64a20327d420434e2f3947b3975a978bffd739afbab8dcaa23a690e81f1bd2,core/docs/architecture/engine/PIPELINE-SUMMARY-SNAP-20260907-CLOUD-SERVER-REGISTER.json,1394,2026-10-01T13:42:27,DID-BR-000002,核心文本内核锁档
1ef350da8594fd3f216f490a47a4998595b4b4417eb9c96c0484e4071a31ab08,core/docs/architecture/engine/PIPELINE-SUMMARY-SNAP-20260907-ENGINE-MEMORY-GATEWAY.json,1374,2026-10-01T13:42:27,DID-BR-000002,核心文本内核锁档
b8a513059cc921788f1763f7c6c9102a80422c07c61cd477cd8d79b804ba3006,core/docs/architecture/engine/PIPELINE-SUMMARY-SNAP-20260907-GIT-BRIDGE-SYNC.json,1370,2026-10-01T13:42:27,DID-BR-000002,核心文本内核锁档
587a2fd3e80b6bb4da0077588d16e9bd86351b4b75dfe111f13445f3977ca5d3,core/docs/architecture/engine/PIPELINE-SUMMARY-SNAP-20260907-KERNEL-PROTOCOL-v1.json,1369,2026-10-01T13:42:27,DID-BR-000002,核心文本内核锁档
8498d3258894ec88ff8ccd26a4d96727adbae92aef7a0d7632716c98b47c6d17,core/docs/architecture/engine/PIPELINE-SUMMARY-SNAP-20260907-TRIPLE-SYNC-GITHUB-GITEE.json,1405,2026-10-01T13:42:27,DID-BR-000002,核心文本内核锁档
dc2fc000d9134adb0ee8f99ad8190365000b9554850e99055f975a831b4a529d,core/docs/architecture/engine/README_ZONGYUAN_ROOT.md,4134,2026-10-01T13:42:27,DID-BR-000002,核心文本内核锁档
b3f013804fe6f629df8a6eeaf36a322fc43662b6df7d8683bcfe1f3fec0656d5,core/docs/architecture/engine/efuse_chain.json,3531,2026-10-01T13:42:27,DID-BR-000002,核心文本内核锁档
64fd9571aab42b85939fcfad7b2b8e3af3f59a6bda90435e14e14ab6b186b805,core/docs/architecture/engine/lock_archive/LOCK-CREDENTIAL-SNAP-20260907-220448-ENGINE.md,327,2026-10-01T13:42:27,DID-BR-000002,核心文本内核锁档
8381cef8ac19b6a96d713d32946c316bc45a634da08db26aa6073218cfb1490c,core/docs/architecture/engine/lock_archive/asset_manifest.json,2954,2026-10-01T13:42:27,DID-BR-000002,核心文本内核锁档
12dd9c0050477920b6adaa34ed5eb4098503e1814af1be3e4af9984d3e450550,core/docs/architecture/engine/persist-backup/PERSIST-MANIFEST.json,599,2026-10-01T13:42:27,DID-BR-000002,核心文本内核锁档
fd3aa9efa2c696fe76af54f30738bc6c4d7ff79ba5b47139e5382245e3d8ca48,core/docs/architecture/engine/runtime/memory_index.json,4898,2026-10-01T13:42:27,DID-BR-000002,核心文本内核锁档
188069c0eb42f28204890db9c9797ff15f4aa0d1a810758a951330c265bb80ff,core/docs/architecture/engine/scripts/feishu_cloud_sync_check.py,3423,2026-10-01T13:42:27,DID-BR-000002,核心文本内核锁档
8e0e9ef80e1acea9db4c085fb1b0411e0b9a78031d1f1f2d0dc7549c77fe3ea3,core/docs/architecture/engine/scripts/full_lock_archive.py,6212,2026-10-01T13:42:27,DID-BR-000002,核心文本内核锁档
3b2acbe041b8be1f4a5f1493dcc47ad86d9ca80890f04b5e65a8896425a066cc,core/docs/architecture/engine/scripts/git_bridge_sync.py,7540,2026-10-01T13:42:27,DID-BR-000002,核心文本内核锁档
a5b4bcc8028dee44449528fa1e3809ae095e431b9348eea15f9547a2d9402aa5,core/docs/architecture/engine/scripts/glue_memory_trigger.py,3280,2026-10-01T13:42:27,DID-BR-000002,核心文本内核锁档
c69792db6e1d9ceea9534b09ee48e3b58d329f728f334037b8ad9e45a75ac27e,core/docs/architecture/engine/scripts/inspection_hour.py,2777,2026-10-01T13:42:27,DID-BR-000002,核心文本内核锁档
1f0af258c6ee71259ad0710f5d75af875e2ad0a6698edce4e1076b273ba0db7b,core/docs/architecture/engine/scripts/memory_gateway.py,6092,2026-10-01T13:42:27,DID-BR-000002,核心文本内核锁档
0a051482fa9c74a191708e86f3208d0c9080a6c37881cc4caa498764ca7d0644,core/docs/architecture/engine/scripts/mirror_proxy.py,3526,2026-10-01T13:42:27,DID-BR-000002,核心文本内核锁档
f76568bbef1cc5a8de2df5d7ca28a50255d132a87015c54924483dd22248286a,core/docs/architecture/engine/scripts/start_autonomous_kernel.sh,1861,2026-10-01T13:42:27,DID-BR-000002,核心文本内核锁档
40d775dbece0da370032b03d30f49196ed363bbf6a11f78cb819b2169c028ffa,core/docs/architecture/engine/scripts/system_memory_test_suite.py,2909,2026-10-01T13:42:27,DID-BR-000002,核心文本内核锁档
7eeba61d6259d0ae23ad0369d0f20163dbf41f72fd657142a4cf19adc9b863c2,core/docs/architecture/git_bridge_sync.sh,3177,2026-10-01T13:42:27,DID-BR-000002,核心文本内核锁档
3fe51cf9767905e877a0b2de4091e5030c55f55b6689dbf15946b4dc7d7024e2,core/docs/architecture/identity/cloud_sync_record.json,457,2026-10-01T13:42:27,DID-BR-000002,核心文本内核锁档
d42afcc9dc660bf370892cb2d08b0276677f2361f94b9c619976c3be9e2e3c3c,core/docs/architecture/identity/identity_credential.json,4548,2026-10-01T13:42:27,DID-BR-000002,核心文本内核锁档
66318a37ec647e25232fdb7e3b2b389a1e82d3c4b52e8ef8b79342ad592cacda,core/docs/architecture/identity/identity_credential_v2.json,4316,2026-10-01T13:42:27,DID-BR-000002,核心文本内核锁档
75d9bf78c02970e0a1557263efba3fe6ecfef9040f87eb0d6decfaee074ad3f9,core/docs/architecture/identity/identity_credential_v3.json,4602,2026-10-01T13:42:27,DID-BR-000002,核心文本内核锁档
0607c49c86fa55f84af9b7a3bd66de2c43e7d30877c2856230c732af990d65d1,core/docs/architecture/identity/init_report.json,898,2026-10-01T13:42:27,DID-BR-000002,核心文本内核锁档
efe24e979c1c557e6d009481a6572db332ed512b618236bac9d7969e8a441db8,core/docs/architecture/identity/init_report_v2.json,928,2026-10-01T13:42:27,DID-BR-000002,核心文本内核锁档
4fe51bf52af1c0f4bafca39581d9db16af5edf97d62218a3ec01f7e765b5d31c,core/docs/architecture/identity/legacy_did_keys/KEY-CONSOLIDATION-MANIFEST.json,1338,2026-10-01T13:42:27,DID-BR-000002,核心文本内核锁档
b25677723e1f779235c4fb393d826f2bf90bd7c22ab8cd5f55c1dbc454eaca1c,core/docs/architecture/identity/node_identity.json,598,2026-10-01T13:42:27,DID-BR-000002,核心文本内核锁档
b5588c3036b8d6d58b2aa92272c01c348a68bcd029a047625dc6fa68915937a6,core/docs/architecture/identity/node_identity_v2.json,624,2026-10-01T13:42:27,DID-BR-000002,核心文本内核锁档
1939726b3e6968b124ce5f604fbeb12ddb12bc0bed0f9ce12fb83d5df292d05f,core/docs/architecture/identity/node_identity_v3.json,648,2026-10-01T13:42:27,DID-BR-000002,核心文本内核锁档
1199dee53e1d85c961ecce4aabca0fafeda69d68363cb1c0ef6419fb3c2a7d7d,core/docs/architecture/identity/window_config.json,527,2026-10-01T13:42:27,DID-BR-000002,核心文本内核锁档
d39719f0b15e174a74cef62bf894f09291889dda82bbedb1d487a614e1b0fe2b,core/docs/architecture/identity/window_config_v2.json,556,2026-10-01T13:42:27,DID-BR-000002,核心文本内核锁档
3d03bdc6c302d9852105ff00f460c61a126f997d5842e9eb389a134602c9c5c1,core/docs/architecture/inspect/drift_baseline.json,3372,2026-10-01T13:42:27,DID-BR-000002,核心文本内核锁档
2969c59e1128d2ddd3209cced26a4c3138aec3393e4dfe5d81d78fc9d93bd201,core/docs/architecture/inspect/drift_detector.py,5118,2026-10-01T13:42:27,DID-BR-000002,核心文本内核锁档
bd275b766624693a8ff7d48d9ccae1acc5f8ab90748c7b7cd5b52b46281f3b33,core/docs/architecture/inspect/homo_protocol_v1.py,7661,2026-10-01T13:42:27,DID-BR-000002,核心文本内核锁档
73b531e3f3d18cc342746bc6f37efd3460927e0efe6bb4d879c6cb777215ecf3,core/docs/architecture/inspect/homo_protocol_v1_1.py,11616,2026-10-01T13:42:27,DID-BR-000002,核心文本内核锁档
953b2c70bc1da594e0922ec3e4dd1c4e9b3f363ddc173ed7a27436a968d3d9da,core/docs/architecture/inspect/homo_protocol_v2.py,7589,2026-10-01T13:42:27,DID-BR-000002,核心文本内核锁档
c66200158c10d99ce7640f15a0daeb34a5c2faaa72db3673af9ad756da4fe6b0,core/docs/architecture/inspect/matrix_scheduler_sim.py,9023,2026-10-01T13:42:27,DID-BR-000002,核心文本内核锁档
989262c55b816d75dc18a959c469864d563ef979879090345ac9352c28088c5e,core/docs/architecture/inspect/matrix_scheduler_sim_v2.py,8313,2026-10-01T13:42:27,DID-BR-000002,核心文本内核锁档
bebab06a6da4e6a55dae5b0b57df879fec4b4f99c4ed704ac767bfc2528560ec,core/docs/architecture/inspect/matrix_scheduler_v3_1_homo.py,6637,2026-10-01T13:42:27,DID-BR-000002,核心文本内核锁档
917d16b6fad06766a2f7dae5979a717af8ab9259682305fb09194adfc7e4c39a,core/docs/architecture/inspect/parse_identity_role.py,4484,2026-10-01T13:42:27,DID-BR-000002,核心文本内核锁档
86aad4989f4242c852827527d58c0fde91f0787642ceba3d2bd1eaea7dc8b64f,core/docs/architecture/inspect/sync_engine.py,4145,2026-10-01T13:42:27,DID-BR-000002,核心文本内核锁档
c6eafbeb8ee2d82f39513f25868fa47ad6c168d2cc4ee53a2a29c4e8cfd00327,core/docs/architecture/inspect/sync_state.json,96,2026-10-01T13:42:27,DID-BR-000002,核心文本内核锁档
45bfd113ff69817091897004c72265361b65088ecbe6de906e4afb4247bf4ff0,core/docs/architecture/inspect/task_tracker.json,2289,2026-10-01T13:42:27,DID-BR-000002,核心文本内核锁档
4941aceda39c265c44ef4f5a208b06e66f0bf6065352c9600cb644267cbdb90b,core/docs/architecture/inspect/task_tracker.py,2437,2026-10-01T13:42:27,DID-BR-000002,核心文本内核锁档
f4b1409b4f4e73ded6e9de9c3c3ae069c7d994902887ee22ea6c2339cf3b1ac4,core/docs/architecture/kernel_asset_lock_config.json,8654,2026-10-01T13:42:27,DID-BR-000002,核心文本内核锁档
c830ecee47aa717b7346fc5fbf1bca9eb75988051c83a1706971b8d436ae1f90,core/docs/architecture/kunlun-assets/2026-09-02/keyframes.json,3238,2026-10-01T13:42:27,DID-BR-000002,核心文本内核锁档
36e41e38e8b448f239962a668419b1acc64d2b38c3b12fa1bddab58e8c742e40,core/docs/architecture/kunlun-assets/2026-09-02/manifest.json,2234,2026-10-01T13:42:27,DID-BR-000002,核心文本内核锁档
242a99e65e470461bd7f49762bec86e8d03c881be5bccb07c38e397443838a68,core/docs/architecture/kunlun-assets/2026-09-02/storyboard.md,3872,2026-10-01T13:42:27,DID-BR-000002,核心文本内核锁档
e6499d1f732803aa1112073fada80a620f5014729d27dd7ed28234e5be677a5e,core/docs/architecture/kunlun-assets/2026-09-02/voiceover.txt,73,2026-10-01T13:42:27,DID-BR-000002,核心文本内核锁档
dcbefd455d44090db1e4bacea7da840ec118a8b9dc9323a8ba730f0d19645b56,core/docs/architecture/kunlun-assets/2026-09-03/keyframes.json,4086,2026-10-01T13:42:27,DID-BR-000002,核心文本内核锁档
124d5903c50debe9482459f8bae48564b4501458557301c1e9b43833c56a6c86,core/docs/architecture/kunlun-assets/2026-09-03/manifest.json,3367,2026-10-01T13:42:27,DID-BR-000002,核心文本内核锁档
dd8fc82eb71d6835ffe7a9f2c94b396623c2546601ceacc918bc7cbd6a7f326a,core/docs/architecture/kunlun-assets/2026-09-03/storyboard.md,5636,2026-10-01T13:42:27,DID-BR-000002,核心文本内核锁档
a145ac1a54e0f2f8728ef67aed8d8fce5dbcebf1dabe3b2b32d22550e9e8a290,core/docs/architecture/kunlun-assets/2026-09-03/voiceover.txt,73,2026-10-01T13:42:27,DID-BR-000002,核心文本内核锁档
663e15c96b5da480c03602932e6d6903d30dde0f5ff4c7a240577e10a53b90ad,core/docs/architecture/kunlun-assets/2026-09-04/keyframes.json,4167,2026-10-01T13:42:27,DID-BR-000002,核心文本内核锁档
a63834fe7aac0461a86ad210e0c53454fd810bbbdcfc0af8958bb2f94f0012c8,core/docs/architecture/kunlun-assets/2026-09-04/manifest.json,3591,2026-10-01T13:42:27,DID-BR-000002,核心文本内核锁档
5b10168fcfad2ef4225b98c175fa89935500da2d4ca6ded27b10d6432158e3fb,core/docs/architecture/kunlun-assets/2026-09-04/storyboard.md,5897,2026-10-01T13:42:27,DID-BR-000002,核心文本内核锁档
42940891f2feb6dd3fa0bc21b02e3152850afc3a6495b060c3d76cb62e5280f5,core/docs/architecture/kunlun-assets/2026-09-04/voiceover.txt,73,2026-10-01T13:42:27,DID-BR-000002,核心文本内核锁档
9f3ababd5190e30ab8dde54cface28ff4a76b2f2b7a8be2041f963168dbe364b,core/docs/architecture/kunlun-assets/2026-09-05/keyframes.json,4293,2026-10-01T13:42:27,DID-BR-000002,核心文本内核锁档
7958dabb111b7c6754ee76a1ee2c5d7176406a46d6b4e944c2c42e863f602378,core/docs/architecture/kunlun-assets/2026-09-05/manifest.json,3255,2026-10-01T13:42:27,DID-BR-000002,核心文本内核锁档
e3a43ec6ffb0cb4f49be912f5c66a4a788811ab22d58ec57c640dbe98dc9fbf1,core/docs/architecture/kunlun-assets/2026-09-05/storyboard.md,6190,2026-10-01T13:42:27,DID-BR-000002,核心文本内核锁档
f64803384313459d90b2c56b8b6cb9e199ca3a0bb27045b8187f847a43eb4c35,core/docs/architecture/kunlun-assets/2026-09-05/voiceover.txt,73,2026-10-01T13:42:27,DID-BR-000002,核心文本内核锁档
be13fa46946cda57ff24ae2047a00284034d9128be248fa35b1324d4435094c0,core/docs/architecture/kunlun-assets/2026-09-06/keyframes.json,4740,2026-10-01T13:42:27,DID-BR-000002,核心文本内核锁档
53f9c1590bd827bc50a8c5a82d3a3ba5996503a38bac7909a5e2f2428eef5152,core/docs/architecture/kunlun-assets/2026-09-06/manifest.json,3209,2026-10-01T13:42:27,DID-BR-000002,核心文本内核锁档
565f5a76744304938a6222e717830264676f7066f1e99e69deeda3b509273ad1,core/docs/architecture/kunlun-assets/2026-09-06/storyboard.md,5835,2026-10-01T13:42:27,DID-BR-000002,核心文本内核锁档
aca74f796b8f5b9843be535bff6a7cf606fc362dadb4fe2d5a9f08ddf0d85c08,core/docs/architecture/kunlun-assets/2026-09-06/voiceover.txt,61,2026-10-01T13:42:27,DID-BR-000002,核心文本内核锁档
fcab2a9da411b5d80076f1ebc44afae7deedf944fee62357638f6f6386309ebb,core/docs/architecture/kunlun-assets/2026-09-07/keyframes.json,3245,2026-10-01T13:42:27,DID-BR-000002,核心文本内核锁档
3811a167314515458970611bc586f9d06cfc55e0e97cfc0263e4c25c35a15317,core/docs/architecture/kunlun-assets/2026-09-07/manifest.json,1134,2026-10-01T13:42:27,DID-BR-000002,核心文本内核锁档
7f784e0a9771e09320d1916c47d6798003f3a10b5dbd0127528bcdab0c64c0ab,core/docs/architecture/kunlun-assets/2026-09-07/storyboard.md,3787,2026-10-01T13:42:27,DID-BR-000002,核心文本内核锁档
13ad9e3aeaddea98c4e3d9b43418d344b57498fca14ebf0eadedba81c2061a2a,core/docs/architecture/kunlun-assets/2026-09-07/voiceover.txt,73,2026-10-01T13:42:27,DID-BR-000002,核心文本内核锁档
da20bdc7707ca1a13b5d06e04034ec0369f9424c5ddf9db171665074c99cd88b,core/docs/architecture/kunlun-assets/2026-09-08/keyframes.json,3290,2026-10-01T13:42:27,DID-BR-000002,核心文本内核锁档
24fb6cebd6f25182d773200e99378ae4fba92f13c3741816dba8931cba25de65,core/docs/architecture/kunlun-assets/2026-09-08/manifest.json,1152,2026-10-01T13:42:27,DID-BR-000002,核心文本内核锁档
c2b834f2dd37ac8d97065f57027f490072fb62dac6813bac6f5b42ad9f92f543,core/docs/architecture/kunlun-assets/2026-09-08/storyboard.md,4171,2026-10-01T13:42:27,DID-BR-000002,核心文本内核锁档
b1d32b8206c36882288fce89f24b5b856010d7acef58c0d70a55cd17e2240ded,core/docs/architecture/kunlun-assets/2026-09-08/voiceover.txt,73,2026-10-01T13:42:27,DID-BR-000002,核心文本内核锁档
24f3e12cee952b1bd7535b643aebeac7a92d5cfd4c7fd786f1c03de7f619ec53,core/docs/architecture/kunlun-assets/2026-09-09/keyframes.json,4012,2026-10-01T13:42:27,DID-BR-000002,核心文本内核锁档
d37feba7c56a34d53e6ec38ec030654196990a0590a0393e69ec4c44ac63e68b,core/docs/architecture/kunlun-assets/2026-09-09/manifest.json,3078,2026-10-01T13:42:27,DID-BR-000002,核心文本内核锁档
1560b40143144b080c3da28f09c20d44c24109ae8d454b63b5a01d24609443e6,core/docs/architecture/kunlun-assets/2026-09-09/storyboard.md,3295,2026-10-01T13:42:27,DID-BR-000002,核心文本内核锁档
d2bc89c7873e45771b7a9bbd41fa308250502a30d979a91c0e2176f82e863b91,core/docs/architecture/kunlun-assets/2026-09-09/voiceover.txt,67,2026-10-01T13:42:27,DID-BR-000002,核心文本内核锁档
cf3398d78ec46c5955d8d051faa4bde855a2871b25f3af1b05f82f649f2d2e7a,core/docs/architecture/lock_archive_output_global/AUTO-LOCK-REPORT-SNAP-20260913-SOP-LEARN-REALM.json,1992,2026-10-01T13:42:27,DID-BR-000002,核心文本内核锁档
8d83acf21b720578e3da7885dc8ea999292dd07adab54783752f60bcd1603d3c,core/docs/architecture/meta-rules/META-RULE-GLOBAL-LOCK-BASELINE-V1.json,1337,2026-10-01T13:42:27,DID-BR-000002,核心文本内核锁档
25aeed355798f4bcea157f25688539a032f029aba6ac7507be2e8c4f0f28eef6,core/docs/architecture/meta-rules/META-RULE-GLOBAL-LOCK-BASELINE-V1.md,3053,2026-10-01T13:42:27,DID-BR-000002,核心文本内核锁档
f725152001e0d2f765fd46b1bd2690f87b5f49d7976577280f153878b328dac1,core/docs/architecture/meta-rules/META-RULE-VISIBILITY-ALIGNMENT-V1.json,1521,2026-10-01T13:42:27,DID-BR-000002,核心文本内核锁档
62ede0d9f58e3725b773a07327023dc5ffbcb48e55e76adb1b16d7a3f887cb6b,core/docs/architecture/meta-rules/META-RULE-VISIBILITY-ALIGNMENT-V1.md,4198,2026-10-01T13:42:27,DID-BR-000002,核心文本内核锁档
34f928ae03b42529404350dde92c756332e57217043838b49d951f2729a09808,core/docs/architecture/node_registry.json,1026,2026-10-01T13:42:27,DID-BR-000002,核心文本内核锁档
5387459612ccc3f614a09c3670f950febffba37093997cdb2a5db133ebe71b72,core/docs/architecture/scripts/env_check.py,4787,2026-10-01T13:42:27,DID-BR-000002,核心文本内核锁档
6a213894b298b48a7ba8503439a07bec8bf5044ea2811381e99fcb278e424c38,core/docs/architecture/scripts/generate_product_pages.py,36280,2026-10-01T13:42:27,DID-BR-000002,核心文本内核锁档
eae6ae92129f1c4794926457d19cf32d25bf43a1c492d0d20f211f482e0b2b7a,core/docs/architecture/scripts/multi_agent_sim.py,6277,2026-10-01T13:42:27,DID-BR-000002,核心文本内核锁档
df9634954c9ad37d41b6a533680d14a3037f65dae3b714b5a6255bf8ae9e7d75,core/docs/architecture/scripts/share_auto_sync.py,8657,2026-10-01T13:42:27,DID-BR-000002,核心文本内核锁档
82394177199ae6daafdc1cc3fd1397ada6b6a998a9fba34da108e98e2e7ce4a9,core/docs/architecture/sdk/huodouai/__init__.py,367,2026-10-01T13:42:27,DID-BR-000002,核心文本内核锁档
ed1fbc829dcfa984005ce0ad23faeb4aa205d64702ef677509cf211ce5c5435f,core/docs/architecture/sdk/huodouai/client.py,4818,2026-10-01T13:42:27,DID-BR-000002,核心文本内核锁档
91275648da953e7246242a46254d514555259eb5abae13e83c1314f8ce646084,core/docs/architecture/sdk/huodouai/exceptions.py,457,2026-10-01T13:42:27,DID-BR-000002,核心文本内核锁档
411161b1493d3a8679cd42cf40fc79286c21f9c5d3993818b2bc480d2c39d184,core/docs/architecture/sdk/huodouai/verifier.py,3868,2026-10-01T13:42:27,DID-BR-000002,核心文本内核锁档
44ab9c1171cd62829e0db268ba83765a40c16961be963e6742c815170b4e2be2,core/docs/architecture/sdk/setup.py,244,2026-10-01T13:42:27,DID-BR-000002,核心文本内核锁档
e07db869531b1bce670b236e4927275093d7ddb6b6709b236b81f3aaeac1a70f,core/docs/architecture/services/asset_archiver/archiver.py,3939,2026-10-01T13:42:27,DID-BR-000002,核心文本内核锁档
f34e043b45f4f7aa5f1c0d83fba01ab6de7bc6b773b8fe0259524c668d8d9c3a,core/docs/architecture/services/truth_absorber/absorber.py,3944,2026-10-01T13:42:27,DID-BR-000002,核心文本内核锁档
f99058fd1255192e478659570712067d18b274d612381581b739fa302c7a7296,core/docs/architecture/showcase-page/deploy_diff_page.sh,2319,2026-10-01T13:42:27,DID-BR-000002,核心文本内核锁档
ebf94915d98912ac5f405e1f8d3104b16dec675027c0dd0f0abd5f9d197272a3,core/docs/architecture/showcase-page/robots.txt,66,2026-10-01T13:42:27,DID-BR-000002,核心文本内核锁档
5fa17f6644d02412b20efac5f998f500a8f34ad0fd361dd198cc8fe61f927a36,core/docs/architecture/snapshots/.did_keys/did_br_000002_private.pem.ARCHIVED.md,175,2026-10-01T13:42:27,DID-BR-000002,核心文本内核锁档
b9fd6eb798085bdf5b15c740f8daf390d46cdc053693f87514b309effe416c2b,core/docs/architecture/snapshots/.global_root_registry.json,461,2026-10-01T13:42:27,DID-BR-000002,核心文本内核锁档
e3180d0954ed4f24ba59b4eee6cd9db4538d9ba7bd5bbef9b07f768dabffabe0,core/docs/architecture/snapshots/.healing_logs/DECISION-AUDIT-PIPELINE-SNAP-20260913-NODE-LEARNING.json,1315,2026-10-01T13:42:27,DID-BR-000002,核心文本内核锁档
0e6ab8fdacc12929f5905c00b3aeb262b3b57b0e1368e8ae47224f2b5e17ca0d,core/docs/architecture/snapshots/AGI-FOUR-CAPABILITY-STACK-SUMMARY-V1.0.md,2352,2026-10-01T13:42:27,DID-BR-000002,核心文本内核锁档
2e609ded8c0d36850e2eb48ca6f115180d0db89815bf711295895124f10c13c2,core/docs/architecture/snapshots/APPROVAL-CONFIRM-20260914.md,709,2026-10-01T13:42:27,DID-BR-000002,核心文本内核锁档
ca85db3aa5d6290ba616f453a42a175994fd216a00bbdeae087c3ab72ec79714,core/docs/architecture/snapshots/APPROVAL-GEO-LANDING-DEPLOY-20260913.md,1747,2026-10-01T13:42:27,DID-BR-000002,核心文本内核锁档
d283b483fd0cf08002fe4a5c476190f52f6b7146f99c2ffcd25dfed8cfb6d0fb,core/docs/architecture/snapshots/APPROVAL-MECHANISM-V1.0.md,2114,2026-10-01T13:42:27,DID-BR-000002,核心文本内核锁档
bb0243bb85f96cb9ef5c4bac200ac389c6fe7fa03f216713a5d314acc236871d,core/docs/architecture/snapshots/ARCHIVE-CAPABILITY-DEPENDENCY-V1.0.md,2909,2026-10-01T13:42:27,DID-BR-000002,核心文本内核锁档
c24e7a40d998524bb94afdc99c6ef726683233d790a93cb07b6bdccdc3b184eb,core/docs/architecture/snapshots/ATTESTATION-SNAP-20260913-CLOUD-HANDSHAKE.json,709,2026-10-01T13:42:27,DID-BR-000002,核心文本内核锁档
6a17e9f3588a4da3f441c68c49ad202ddbb5ff68ad919f186bbd38d811a250d2,core/docs/architecture/snapshots/ATTESTATION-SNAP-20260913-NODE-LEARNING.json,703,2026-10-01T13:42:27,DID-BR-000002,核心文本内核锁档
8f67e6db537c78b7a382a81b2d4ee43c24ee9accaddedd1aa1588215e157804c,core/docs/architecture/snapshots/BASELINE-ANCHOR-20260913.md,2642,2026-10-01T13:42:27,DID-BR-000002,核心文本内核锁档
8c0d1273f4717c1f92c13cfa1b602b7d4f0ef6d0418839831588a8c434e83a73,core/docs/architecture/snapshots/BASELINE-ANCHOR-20260914.md,2060,2026-10-01T13:42:27,DID-BR-000002,核心文本内核锁档
050117c26acfb1e0392a795bea2eb3580dec4b4229f09686c0b0e1aeac1f081b,core/docs/architecture/snapshots/CALCULUS-MICROELEMENT-META-V1.0.md,2118,2026-10-01T13:42:27,DID-BR-000002,核心文本内核锁档
44aa6b7ed0743329cced73e5b444770d269ed5bdbf9492dcc0ecbee1264fabab,core/docs/architecture/snapshots/ENSEMBLE-LEARNING-TRUTH-V1.0.md,2463,2026-10-01T13:42:27,DID-BR-000002,核心文本内核锁档
288da8f105fb2050f4e436e5674f1f48e2532053f3f1d8cc430816e436820f29,core/docs/architecture/snapshots/FREE-API-MAX-UTILIZATION-V1.0.md,1399,2026-10-01T13:42:27,DID-BR-000002,核心文本内核锁档
0d91e425aba2f258488cd8425a26e436bc0e3ad8949e57e7315ce4ec3f71313f,core/docs/architecture/snapshots/GATEWAY-INTERACTION-V1.0.md,2247,2026-10-01T13:42:27,DID-BR-000002,核心文本内核锁档
b8919f0015e0c932f2645aabd8787ce89b9887c7496039c13189be88d6ebbede,core/docs/architecture/snapshots/GLOBAL-AUTONOMY-META-RULE-V1.0.md,3072,2026-10-01T13:42:27,DID-BR-000002,核心文本内核锁档
1e8bc7fd1ed895d966a62049528e63ecde19f13489f3738076577b99a652bb55,core/docs/architecture/snapshots/GLOBAL-TOTAL-OVERVIEW-V1.0.md,1754,2026-10-01T13:42:27,DID-BR-000002,核心文本内核锁档
35bb2afc2d829a2795e112c5600432ed9b9d35cfd4e6a03d72b3c23cfcdab1ff,core/docs/architecture/snapshots/GOVERNANCE-BLUEPRINT-WEB-V2.0.md,1712,2026-10-01T13:42:27,DID-BR-000002,核心文本内核锁档
4fc60fa9fb6b7b601bb0c5d9ca116d0d16233f742aebc1d580063a483bbb34af,core/docs/architecture/snapshots/GROUP-INTELLIGENCE-ACTIVATION-ARCHITECTURE-V1.0.md,3403,2026-10-01T13:42:27,DID-BR-000002,核心文本内核锁档
aa1ecc3e54bb1cfc322e325daf021d3d1d2e3bc416f55bc19c5723edf5e25780,core/docs/architecture/snapshots/HANDSHAKE-ANCHOR-V1.0.md,3072,2026-10-01T13:42:27,DID-BR-000002,核心文本内核锁档
41ddaa46b48cc115ed06006e070aa54503908ca403c9d88b537b3df7dd63be4d,core/docs/architecture/snapshots/HIGH-VALUE-ASSET-SUPPLEMENT-V1.0.md,2297,2026-10-01T13:42:27,DID-BR-000002,核心文本内核锁档
1990f022ff5ec77e39b0bf6b4f4c3744d93be1ec433d99d8b6b9a71db3f2ed55,core/docs/architecture/snapshots/KERNEL-LOCK-20260913-02.md,1985,2026-10-01T13:42:27,DID-BR-000002,核心文本内核锁档
1785ebe68c124ee2196b751800ae345f8e4cedc38ec667a77c184e61fce05957,core/docs/architecture/snapshots/KNOWLEDGE-BASE-SUPPLEMENT-V1.0.md,2465,2026-10-01T13:42:27,DID-BR-000002,核心文本内核锁档
a67839823267c18fa192bc7970c00ebfd3fd0ad521ea6fc01ebe8e0821fdd124,core/docs/architecture/snapshots/LARK-SCAN-MEMORY-UPDATE-20260914.md,2256,2026-10-01T13:42:27,DID-BR-000002,核心文本内核锁档
e05b6d6b643d31600d186e5bd0af7cd24414ff9b586c891cd6dace9e2e731047,core/docs/architecture/snapshots/LOCK-CREDENTIAL-SNAP-20260913-CLOUD-HANDSHAKE.md,1790,2026-10-01T13:42:27,DID-BR-000002,核心文本内核锁档
5b336d11d690fc706bc287953afbbb291e173907736d18832db45935e637edd1,core/docs/architecture/snapshots/LOCK-CREDENTIAL-SNAP-20260913-NODE-LEARNING.md,37053,2026-10-01T13:42:27,DID-BR-000002,核心文本内核锁档
35efc38d3471d1702b0205b29e7955378f4c15d1fc281cbcabbad4347b2bd4c6,core/docs/architecture/snapshots/LOCK-CREDENTIAL-SNAP-20260913-SOP-LEARN-REALM.md,3418,2026-10-01T13:42:27,DID-BR-000002,核心文本内核锁档
1b1aae81d11b20e7f54b59192d6b59195d4b263344200c6f8bc21bfe04dd9296,core/docs/architecture/snapshots/LV5-COGNITION-1789293600.json,7045,2026-10-01T13:42:27,DID-BR-000002,核心文本内核锁档
1a8d5ee503aa727712b626c88bbf0ed0a59d5ddb5c8e5b22b100e1aa0a8adeeb,core/docs/architecture/snapshots/LV6-CIVILIZATION-1789293600.json,6162,2026-10-01T13:42:27,DID-BR-000002,核心文本内核锁档
afff00297fdffe892232199badb8d2654f3f8a84ea05d3a9fe3b24df17d1f87c,core/docs/architecture/snapshots/MANIFEST-SNAP-20260913-CLOUD-HANDSHAKE.json,1009,2026-10-01T13:42:27,DID-BR-000002,核心文本内核锁档
d367e8c6ef157e742f35e9dac18170a4eccb22e03211b1946ac7260153f805eb,core/docs/architecture/snapshots/MANIFEST-SNAP-20260913-NODE-LEARNING.json,51342,2026-10-01T13:42:27,DID-BR-000002,核心文本内核锁档
2a95ec77be039d9af873c8b7fd7cc6af06da97e175106f5d4b08998288b82a89,core/docs/architecture/snapshots/MANIFEST-SNAP-20260913-SOP-LEARN-REALM.json,3364,2026-10-01T13:42:27,DID-BR-000002,核心文本内核锁档
de6a43d7490dc28bc93085d4a5f541e46573b7861195c1b55f3011ed389332fa,core/docs/architecture/snapshots/MINIMAL-TRIGGER-PROMPT-V1.0.md,1119,2026-10-01T13:42:27,DID-BR-000002,核心文本内核锁档
acd138369f37496eab523c7b6aad51e630a6a87a5a6bc1bb9606dc67c72c3ec2,core/docs/architecture/snapshots/MULTIMODEL-API-TEST-REPORT-V1.0.md,2351,2026-10-01T13:42:27,DID-BR-000002,核心文本内核锁档
c65e05cd4a3378c6603bdade018ca7748f7911b09b90064204abe425ef1e60d5,core/docs/architecture/snapshots/NODE-ONBOARDING-SOP-V4.0.md,6420,2026-10-01T13:42:27,DID-BR-000002,核心文本内核锁档
fec9d821106e00fbcb4ee164db6f2ffe357ecea334b2ddc33c2bcd94d4f10566,core/docs/architecture/snapshots/PIPELINE-SUMMARY-SNAP-20260913-CLOUD-HANDSHAKE.json,1257,2026-10-01T13:42:27,DID-BR-000002,核心文本内核锁档
6563a29ff948c822d12e593367a96baca9f818a45f02213c555d77853c687ed3,core/docs/architecture/snapshots/PIPELINE-SUMMARY-SNAP-20260913-NODE-LEARNING.json,1376,2026-10-01T13:42:27,DID-BR-000002,核心文本内核锁档
757a261bd9c88b4fbf6e97149ff931c4c34838cb1f9c0bd61b376c64c653ff99,core/docs/architecture/snapshots/QUICKCHAT-VIDEO-ARCHIVE-SOP-V1.0.md,3152,2026-10-01T13:42:27,DID-BR-000002,核心文本内核锁档
bbcd3d30bd4a456c6c29d1ac4b6f4f1d68689f98ae994a2aa095d654cfce5ff9,core/docs/architecture/snapshots/SNAP-20260907-SESSION-ASSETS/.did_keys/did_br_000002_private.pem.ARCHIVED.md,180,2026-10-01T13:42:27,DID-BR-000002,核心文本内核锁档
529c99813be68135566e0213e5b740773c0a9b1a6a491fae6a1a54f0f3ba3de7,core/docs/architecture/snapshots/SNAP-20260907-SESSION-ASSETS/.healing_logs/DECISION-AUDIT-PIPELINE-SNAP-20260907-SESSION-ASSETS.json,1356,2026-10-01T13:42:27,DID-BR-000002,核心文本内核锁档
73347c3d7e213814ddaa42dd570ad68975eae8eef5983e79cfe3c69aafdf12e8,core/docs/architecture/snapshots/SNAP-20260907-SESSION-ASSETS/ARCHITECTURE_TRUTH.md,1428,2026-10-01T13:42:27,DID-BR-000002,核心文本内核锁档
ff63e8bb739934894707e673655e8f13ab5b6b5fe0f8952c83dfe237f0075e8c,core/docs/architecture/snapshots/SNAP-20260907-SESSION-ASSETS/ASSET_MANIFEST.md,2310,2026-10-01T13:42:27,DID-BR-000002,核心文本内核锁档
a8947251231dadb08dcef71702261f1bd2eaedc87144f8a3ddc16d4c46e431b0,core/docs/architecture/snapshots/SNAP-20260907-SESSION-ASSETS/ATTESTATION-SNAP-20260907-SESSION-ASSETS.json,692,2026-10-01T13:42:27,DID-BR-000002,核心文本内核锁档
2ce998fa8c1167b8ad73f034928b8cf94474a5d17aa2ba95632b8f58d95e6b4d,core/docs/architecture/snapshots/SNAP-20260907-SESSION-ASSETS/LOCK-CREDENTIAL-SNAP-20260907-SESSION-ASSETS.md,2261,2026-10-01T13:42:27,DID-BR-000002,核心文本内核锁档
810e825557d8e6077d17e06e2f0681380256a5956eff770c7eafb993bca117ef,core/docs/architecture/snapshots/SNAP-20260907-SESSION-ASSETS/LV5-COGNITION-1788762994.json,1199,2026-10-01T13:42:27,DID-BR-000002,核心文本内核锁档
8be7b351358bcb813ee112f929bdd61e90e6457d2add39db163d3c83e8d1c758,core/docs/architecture/snapshots/SNAP-20260907-SESSION-ASSETS/LV6-CIVILIZATION-1788762994.json,5517,2026-10-01T13:42:27,DID-BR-000002,核心文本内核锁档
78d9ef41e7d2c267408bf44d89e4c153c29b69325b7aa4efa03fe43e56fd27d1,core/docs/architecture/snapshots/SNAP-20260907-SESSION-ASSETS/MANIFEST-SNAP-20260907-SESSION-ASSETS.json,1689,2026-10-01T13:42:27,DID-BR-000002,核心文本内核锁档
1b7331b330c95ff04140d31b3ac41c65596bff5a015f57068c259380648798db,core/docs/architecture/snapshots/SNAP-20260907-SESSION-ASSETS/PIPELINE-SUMMARY-SNAP-20260907-SESSION-ASSETS.json,1417,2026-10-01T13:42:27,DID-BR-000002,核心文本内核锁档
f803f06d29c32f4dbc83e84ad1a6d396d77508b04aa5f99195151d7b73efe7e7,core/docs/architecture/snapshots/SNAP-20260907-SESSION-ASSETS/efuse_chain.json,805,2026-10-01T13:42:27,DID-BR-000002,核心文本内核锁档
461b200c2f67f3e2093de58bdcccdbb47e2ed768bcdf65f85fcdf91ee76cb129,core/docs/architecture/snapshots/SWARM-PILOT-DEPLOY-RECEIPT-V1.0.md,1321,2026-10-01T13:42:27,DID-BR-000002,核心文本内核锁档
fe530c82b01f763743f7eab394a38f35a9f8ef330bcd9fa8c6b96257750e4c91,core/docs/architecture/snapshots/SWARM-SIM-TEST-REPORT-V1.0.md,2181,2026-10-01T13:42:27,DID-BR-000002,核心文本内核锁档
30bbd0aca8cfa6a69ba3b7e05c8bd640018eca785900bb7c560628c16af36d0d,core/docs/architecture/snapshots/UNIVERSAL-TRIGGER-PROMPT-V2.0.md,2725,2026-10-01T13:42:27,DID-BR-000002,核心文本内核锁档
d3648d179bf7781c7b09cb6aaf66fd495833fa962644d076e869f7a7b12cc2b5,core/docs/architecture/snapshots/WHITEPAPER-FRONTIER-TECH-ANCHOR-V1.0.md,2411,2026-10-01T13:42:27,DID-BR-000002,核心文本内核锁档
1bb60c269ce0cb846caccdc03c7ac3c5ebbf7045669a9eecdbc085e9aeae594f,core/docs/architecture/snapshots/WORLDVIEW-FRESHNESS-META-V1.0.md,2002,2026-10-01T13:42:27,DID-BR-000002,核心文本内核锁档
3a4c7b46800a0409d2f7e7678817f92269ee5b5bdd064dfff818c2581f7f840d,core/docs/architecture/snapshots/kernel.json,11035,2026-10-01T13:42:27,DID-BR-000002,核心文本内核锁档
52778180877ab1ec2ff828b645d5aeb6174e532fb788ff3ba2da7b4c88bbbdde,core/docs/architecture/snapshots/multi_agent_sim_v1.json,894,2026-10-01T13:42:27,DID-BR-000002,核心文本内核锁档
ec054beca98c6431c566d9bd9d9432839ef0f0b44b73f7d2029a371906461e97,core/docs/architecture/snapshots/omega_brain_index.json,6887,2026-10-01T13:42:27,DID-BR-000002,核心文本内核锁档
18017195d4df5bad59889386eae80e7675c58c9a1cfaf85587259121852966ed,core/docs/architecture/snapshots/vector_db/omega_brain_truth.json,3148564,2026-10-01T13:42:27,DID-BR-000002,核心文本内核锁档
13800e6752b85e988b708dfd5302f6450f695331c85712df664025c9a75a38a4,core/docs/architecture/sync.sh,2749,2026-10-01T13:42:27,DID-BR-000002,核心文本内核锁档
9ac8e47e0aabdc005c48064fa17fd9d60daef66e907d5007cc4d1f8d5bd09dc0,core/docs/architecture/templates/drama/template.json,804,2026-10-01T13:42:27,DID-BR-000002,核心文本内核锁档
49699264c8f4a6d96ebe1aa8f863f7f3b3c508ba908f63c210c47beb7b083f6c,core/docs/architecture/templates/gov/template.json,795,2026-10-01T13:42:27,DID-BR-000002,核心文本内核锁档
e330e88a1f5162541cc2b9f772b0a5b8a1c2aa2b9ef9e6f10d8b3869ff199e08,core/docs/architecture/templates/knowledge/template.json,810,2026-10-01T13:42:27,DID-BR-000002,核心文本内核锁档
de8c3bb31a0005fefee1fea03876994b5a78d88a59087dacaabcde531631fc40,core/docs/architecture/truth/META_RULE_INDEX_v1.json,1182,2026-10-01T13:42:27,DID-BR-000002,核心文本内核锁档
4e74f696202048539319f1013ea063da306638fb778201c3d14c4024d0c67246,core/docs/architecture/truth/archive/API_CONNECTIVITY_TRUTH_20260909.md,1453,2026-10-01T13:42:27,DID-BR-000002,核心文本内核锁档
6c4a0a4dd967c19487ed5cc5b6047199c8614d9a6c6041ddd4f34cf327c9e356,core/docs/architecture/truth/archive/CLEAN_API_TRUTH_20260909.md,3185,2026-10-01T13:42:27,DID-BR-000002,核心文本内核锁档
8b7437a02ca24a81272b669a50d6acd9db4daaf70aee77ed324e404867f15024,core/docs/architecture/truth/archive/DETAILED_API_LIST_20260909.md,9757,2026-10-01T13:42:27,DID-BR-000002,核心文本内核锁档
d7269724484595194614e190493fbd8c9814cfe151ad1fd48ac68d1991a909fa,core/docs/architecture/truth/archive/FULL_ASSET_SUMMARY_20260909.md,7641,2026-10-01T13:42:27,DID-BR-000002,核心文本内核锁档
8f67e6db537c78b7a382a81b2d4ee43c24ee9accaddedd1aa1588215e157804c,core/docs/architecture/truth/axiom/BASELINE-ANCHOR-20260913.md,2642,2026-10-01T13:42:27,DID-BR-000002,核心文本内核锁档
481c5c6a9011deefe62264f217d271b27ec73b17c57cbbf20776f7ad4a68fa07,core/docs/architecture/truth/axiom/HOMO_PROTOCOL_NODE_001_20260913.md,2116,2026-10-01T13:42:27,DID-BR-000002,核心文本内核锁档
f4998e1040ac1375e15cc21313d16c96f05b1d61b485dd78623fdb3c0a484796,core/docs/architecture/truth/metarule/METARULE_MR008_SSH_FALLBACK.md,866,2026-10-01T13:42:27,DID-BR-000002,核心文本内核锁档
8eb8ce0adae6518c81165b7163a74269163e00d1867f86c2b615079c42ff8002,core/docs/architecture/truth/metarule/METARULE_MR009_GATEWAY_HEALING.md,1147,2026-10-01T13:42:27,DID-BR-000002,核心文本内核锁档
0335c449f6cbb9548c8f53a177f3d40b32e1e8f09e9aecfee815fb55dcf7e3c3,core/docs/architecture/truth/metarule/META_CONTINUOUS_OPTIMIZATION_20260912.md,6759,2026-10-01T13:42:27,DID-BR-000002,核心文本内核锁档
5c296d4226ef52afcf6e456e1e1d64fba94009c4dfaa4c99230599351b1698cb,core/docs/architecture/truth/operation/CLOUD_KERNEL_ASSESSMENT_20260912.md,1149,2026-10-01T13:42:27,DID-BR-000002,核心文本内核锁档
a9fe9bb09487c85ee61204c5205091afbdcb43e1c82e17102a5acc4c51b8c58e,core/docs/architecture/truth/operation/CONVERSATION_TRUTH_DISTILLATION_20260913.md,3023,2026-10-01T13:42:27,DID-BR-000002,核心文本内核锁档
b07573d6ae58ddf192bcb1dcf0064e60510d1240de63bb8bf9775da09a58e2c2,core/docs/architecture/truth/operation/OPTIMIZATION_PLAN_20260913.md,3602,2026-10-01T13:42:27,DID-BR-000002,核心文本内核锁档
b19d6bde4e479910dfa9e33b7092d1e10a96fcf8f2e9a0b6ee9fce377d5d797b,core/docs/architecture/truth/operation/OPTIMIZE_INSTRUCTION_20260913.md,2196,2026-10-01T13:42:27,DID-BR-000002,核心文本内核锁档
cb6f5c8022e0eb258cc500da6383526c63e1620fbc9437df8d132f384f6bca26,core/docs/architecture/truth/operation/SUPER_COGNITION_AUTONOMOUS_20260912.md,6765,2026-10-01T13:42:27,DID-BR-000002,核心文本内核锁档
f2fa8fde40bba449e406db560a6e37054469144055b02ddaab6b8d8bc75beda0,core/docs/architecture/truth/sop/DYNAMIC_IP_WHITELIST_META_RULE_20260912.md,6756,2026-10-01T13:42:27,DID-BR-000002,核心文本内核锁档
956e0dca7a750a59e5f3826d6f1042e10e55431cbc6d3d5f508368a780c03666,core/docs/architecture/truth/sop/HANDSHAKE-SOP-V1.0.md,4925,2026-10-01T13:42:27,DID-BR-000002,核心文本内核锁档
448c9d8af05ee9fe87d8bd9bc72889ddec5a82ebe5a3eb4c0cc378262f1fa267,core/docs/architecture/truth/sop/MEMORY_FUSE_SOP_20260913.md,1607,2026-10-01T13:42:27,DID-BR-000002,核心文本内核锁档
39b8ce9905525eeb480a6b9fbb5a9787288fa2d094917c333ea336e5996b7275,core/docs/architecture/truth/sop/MULTI_WINDOW_ISOLATION_20260913.md,2252,2026-10-01T13:42:27,DID-BR-000002,核心文本内核锁档
2019d5675caa68f66bd2c703d76dc80d2fe1040cec403c76b3e9cc6c64451d55,core/docs/architecture/truth/sop/NODE-LEARNING-LOCK-20260913.md,2623,2026-10-01T13:42:27,DID-BR-000002,核心文本内核锁档
50d46b2c76cc1d29cf429e114a98d8b6b1afd62b8d6f3b484d2ce4b49be82471,core/docs/architecture/visual-docs/asset-production-pipeline.md,5748,2026-10-01T13:42:27,DID-BR-000002,核心文本内核锁档
f421fc3c070c63c9a125ecec47ad96aa23186376f70d381983ca320fdaf1d302,core/docs/architecture/visual-docs/lock-archive-flow.md,7679,2026-10-01T13:42:27,DID-BR-000002,核心文本内核锁档
18290d7616c7aa0aa17b30f3e75cc9bf0c6f1243e73b1235d2b04b20fd35235b,core/docs/architecture/visual-docs/three-way-sync-flow.md,3499,2026-10-01T13:42:27,DID-BR-000002,核心文本内核锁档
6763c137d885f3ed11ac80c63f59ba238e7f5cea2b04cd9b11f76cbb67b331fe,core/docs/architecture/window_registry.json,1284,2026-10-01T13:42:27,DID-BR-000002,核心文本内核锁档
b2af25ad22032c74af6768b50553baf4cbc71cf4cc12f781f30d5c14055a9469,core/docs/architecture/Ω-Brainμ/kernel.json,51678,2026-10-01T13:42:27,DID-BR-000002,核心文本内核锁档
abbc4f11e7139a3081f5bb99ca488f124ffba01aa4973813d7fe91512134e5d8,core/docs/architecture/Ω-Brainμ/omega_brain_index.json,30644,2026-10-01T13:42:27,DID-BR-000002,核心文本内核锁档
10132c34f77a3614789d2b5498911273fcef33c979db0ad6d47fc2b97ecc20ba,core/docs/architecture/Ω-Brainμ/vector_db/omega_brain_truth.json,1281373,2026-10-01T13:42:27,DID-BR-000002,核心文本内核锁档
48d6c31a9ee8c32efc86266a5a2c37a010cf7cf34d211e8c97d7318575855d10,core/docs/articles/FUSE-CHAIN-LOCK-V1.md,1925,2026-10-01T13:42:27,DID-BR-000002,核心文本内核锁档
746c54e5f52903f5f9c2a670119d92959b9d3061277df43bac4f9722e3aad9e5,core/docs/articles/META-EVOLUTION-LOOP-ENGINEERING-V1.md,4101,2026-10-01T13:42:27,DID-BR-000002,核心文本内核锁档
3a47d3aa2bd0642d5ccdcbd3d3f01f2e4db4f34c403822afda8f7526cdca4850,core/docs/articles/ZERO-COST-HTTP-SCHEDULING-V2.md,4190,2026-10-01T13:42:27,DID-BR-000002,核心文本内核锁档
04060052240385e0950d91163e14ecae412708d170bbcc07882cb5b79e322479,core/docs/core-rules/01-CONST-GEO-20260531-宪法公理法则体系.md,2287,2026-10-01T13:42:27,DID-BR-000002,核心文本内核锁档
82c2da5fcab9924c9c94a5c68c0520c9c9f6268d7914400fdede41f3a8a9d0f5,core/docs/core-rules/02-昆仑基座二十一条全域本源元法则.md,4388,2026-10-01T13:42:27,DID-BR-000002,核心文本内核锁档
96185c2488b8bd07fbbd4ed1325be9a173433becd58ae2228433a09448b74d95,core/docs/core-rules/03-GEO商业化宪法正式白皮书全文.md,4950,2026-10-01T13:42:27,DID-BR-000002,核心文本内核锁档
cbf89ddaa8fd0f1bc34ec341ec40afac81ff63f8a793683ea3818924b41eabfd,core/docs/core-rules/04-GEO体系终极完整架构总目录.md,3394,2026-10-01T13:42:27,DID-BR-000002,核心文本内核锁档
a4e19e2fc8556915d05d55edddf094889f41736a523e0cb9c571e35746e472c2,core/docs/core-rules/05-全域资产锁档写入自治内核协议.md,3063,2026-10-01T13:42:27,DID-BR-000002,核心文本内核锁档
7f71afbbe2ff51a51bb159569a3f3c325a569cb1f4cc77c9098717a2eebfbb39,core/docs/core-rules/06-ZONGYUAN-ROOT数字根域全域广播通告.md,2390,2026-10-01T13:42:27,DID-BR-000002,核心文本内核锁档
de364c5fac505363051d27d31dff29b75af8be66b9810ce11232b7de20222317,core/docs/core-rules/07-Merkle哈希链深度加固报告.md,1983,2026-10-01T13:42:27,DID-BR-000002,核心文本内核锁档
eb2165269da2aaf2bffdb6f7a6db66866ad8c3a30f886909685c99edbe4eee5c,core/docs/core-rules/08-元法则终极闭环归档完整版.md,4225,2026-10-01T13:42:27,DID-BR-000002,核心文本内核锁档
da54d69aa3acc073833e3dd516d5ee17e4e9ccc1d891709414db36b59a9a4e03,core/docs/core-rules/09-全域锁档写入自治内核执行回执.md,2537,2026-10-01T13:42:27,DID-BR-000002,核心文本内核锁档
9cc2a8e07c6172a4fbac206895e2683cbf6225accb4095edfbe01333d14e5de4,core/docs/core-rules/ANCHOR-CENTRAL-INTELLIGENCE-20260917.md,2047,2026-10-01T13:42:27,DID-BR-000002,核心文本内核锁档
956e0dca7a750a59e5f3826d6f1042e10e55431cbc6d3d5f508368a780c03666,core/docs/core-rules/ANCHOR-SOP-HANDSHAKE-V1.0-20260913.md,4925,2026-10-01T13:42:27,DID-BR-000002,核心文本内核锁档
457254450a4f4d69cd41e116863b43b6b3f4bbbf40962305fa70d163e5a60ce1,core/docs/core-rules/ASSET-CENTER-20260914.md,1002,2026-10-01T13:42:27,DID-BR-000002,核心文本内核锁档
5a6415059461d850145315b6958689acabc41ffa88627cf22a8fa8221369b871,core/docs/core-rules/ASSET-CENTER-DOMAIN-20260914.md,1735,2026-10-01T13:42:27,DID-BR-000002,核心文本内核锁档
038209b8be532b6f735749ea2e4ea36d850fa687f88b92798ef132e0796c4f1a,core/docs/core-rules/ASSET-REPORT-20260913.md,7003,2026-10-01T13:42:27,DID-BR-000002,核心文本内核锁档
ac512c2771cda567899465b8c1c17ce9e325b5eab653e2efcb84760c604bfc06,core/docs/core-rules/BASELINE-ANCHOR-20260913.md,538,2026-10-01T13:42:27,DID-BR-000002,核心文本内核锁档
7ad1f91213f82d2dc685452c2516ff26d16a28f3ec5b02ac19be69a997fba304,core/docs/core-rules/CLOUD-HANDSHAKE-SOP-V1.0.md,675,2026-10-01T13:42:27,DID-BR-000002,核心文本内核锁档
48efa4923432c636ae1f044162ee522e7bf0ab37f94f0a2c6440ddd306366848,core/docs/core-rules/FEISHU-FULL-CONNECTIVITY-TEST-20260917.md,2134,2026-10-01T13:42:27,DID-BR-000002,核心文本内核锁档
4774c43adfdfa7bd46dc3ba6d5735a8cc6afa002a96eacd1577d0670114767df,core/docs/core-rules/KERNEL-LEARNING-PACK.md,927,2026-10-01T13:42:27,DID-BR-000002,核心文本内核锁档
dcd3ebcfa071e607b4c721f1a388c25880948647d20cfdc58cf609c29f478f02,core/docs/core-rules/KUNLUN-DRAMA-CREATION-SOP-V1.0.md,3641,2026-10-01T13:42:27,DID-BR-000002,核心文本内核锁档
2ce998fa8c1167b8ad73f034928b8cf94474a5d17aa2ba95632b8f58d95e6b4d,core/docs/core-rules/LOCK-CREDENTIAL-SNAP-20260907-SESSION-ASSETS.md,2261,2026-10-01T13:42:27,DID-BR-000002,核心文本内核锁档
e490b2407fc597a54a88526c8fa4e05545a3b1048164c36c7d18cff881b4e991,core/docs/core-rules/LOCK-CREDENTIAL-SNAP-20260910-META-HOMO-PROTOCOL-FINAL.md,1717,2026-10-01T13:42:27,DID-BR-000002,核心文本内核锁档
bfcd13da037d859aff6d6d87e2dd098a09322a8f459bea14ae76f8c0f9450bb3,core/docs/core-rules/LOCK-CREDENTIAL-SNAP-FEISHU-CONNECTIVITY-V1.0.md,67100,2026-10-01T13:42:27,DID-BR-000002,核心文本内核锁档
f8ad2d77bf970dbfc645057168cfc010785121aace071eae1f722c74f7de5d2d,core/docs/core-rules/LOCK-CREDENTIAL-SNAP-KUNLUN-DRAMA-V1.0.md,63086,2026-10-01T13:42:27,DID-BR-000002,核心文本内核锁档
3c8f5c8751da764e2ea96a249ca44d3eac81f10a3c58fb777a3e25beed39a4d4,core/docs/core-rules/LOCK-CREDENTIAL-SNAP-MODE-SWITCH-OVERHEAD-V1.0.md,68250,2026-10-01T13:42:27,DID-BR-000002,核心文本内核锁档
57c70990875835e221f1b23e6a2d0225073f14fed5c11fbbbc2a21c2c476acbb,core/docs/core-rules/LOCK-CREDENTIAL-SNAP-SECURITY-HARDENING-V1.0.md,64815,2026-10-01T13:42:27,DID-BR-000002,核心文本内核锁档
65001e016087294d0a10c9f796b455f7495317196397633bdee41c230c848dcb,core/docs/core-rules/LOCK-CREDENTIAL-SNAP-TRACE-ANALYSIS-V420-V1.0.md,65955,2026-10-01T13:42:27,DID-BR-000002,核心文本内核锁档
149bc0a5ac892a954dc2df4a12e6699d5c8da3d44353ee34a2a25f9b89788c9e,core/docs/core-rules/LOCK-CREDENTIAL-SNAPSHOT-KUNLUN-THREE-ACT-20260913-001.md,3230,2026-10-01T13:42:27,DID-BR-000002,核心文本内核锁档
fc5f9d6d08431f8744d0a17f166a5f6a9de46909b9452637812d43ab86b9f557,core/docs/core-rules/MASTER-ANCHOR-STATEMENT-20260913.md,2012,2026-10-01T13:42:27,DID-BR-000002,核心文本内核锁档
798d8e81d216563516a8ecac53bdc62981f845bd17d58aaee14e6dfc35e0326c,core/docs/core-rules/MODE-SWITCH-OVERHEAD-ANALYSIS-V1.0.md,1177,2026-10-01T13:42:27,DID-BR-000002,核心文本内核锁档
b8cd8b13ef65131ca75266e89b56da826b462e017d0b35798e418d03fcb54474,core/docs/core-rules/NODE-ONBOARDING-SOP-v1.1.md,719,2026-10-01T13:42:27,DID-BR-000002,核心文本内核锁档
48556fef71efe8a7513304d086dd2c2948ee55f5438f15cfb42ddf02e80ecc80,core/docs/core-rules/NODE_ACCESS_PACKAGE_V1.0.md,992,2026-10-01T13:42:27,DID-BR-000002,核心文本内核锁档
f2d654593d100a6a6b5eb3505bc75bc5d3ff8de6ccc5828d5f0baeb127c349ba,core/docs/core-rules/SECURITY-HARDENING-CREDENTIAL-V1.0.md,1610,2026-10-01T13:42:27,DID-BR-000002,核心文本内核锁档
9ccd2bc90313a14a1d3dacd2157e76d06834e9e6c348698365df116aef4882b2,core/docs/core-rules/TRACE-ANALYSIS-v420-FEISHU-INTEGRATION-V1.0.md,1612,2026-10-01T13:42:27,DID-BR-000002,核心文本内核锁档
528e2c0882c8446d36007b98e1288d42b04f37f5716e25b549d22c4a1efa372e,core/docs/core-rules/XUANNIAO-DEEPENING-20260914.md,15110,2026-10-01T13:42:27,DID-BR-000002,核心文本内核锁档
fd85977661dc646c9ad757f3d72a65700a05490b2cd002ab9234b9a895ef9919,core/docs/core-rules/XUANNIAO-EP03-MEDIA-ARCHIVE-20260914.md,3752,2026-10-01T13:42:27,DID-BR-000002,核心文本内核锁档
bab454abe4499c2d2b21cd63dffe9aa5384a645d8c883572b8ca21b0d91d9667,core/docs/core-rules/lock-credential-snap-20260913.md,2007,2026-10-01T13:42:27,DID-BR-000002,核心文本内核锁档
d9ed2c0ec2819ea9220099c5311b4b54aaf43436e46cf9243012ab94badd1655,core/docs/high-value-20260929/ANCHOR-20260921.md,1492,2026-10-01T13:42:27,DID-BR-000002,核心文本内核锁档
6c08b109f1bbd79eaff29e3cfa1f2888a8334957dffc1744885937c5f3466bc3,core/docs/high-value-20260929/APPROVAL-DEPLOY-SOP-v1.0.md,2478,2026-10-01T13:42:27,DID-BR-000002,核心文本内核锁档
90af0f3549b01e3f54b53d45c5cc9edadb08661c994a7d120b7a7ebd36475c2a,core/docs/high-value-20260929/DRAMA-HIGH-CAPABILITY-V1.0.md,8257,2026-10-01T13:42:27,DID-BR-000002,核心文本内核锁档
956e0dca7a750a59e5f3826d6f1042e10e55431cbc6d3d5f508368a780c03666,core/docs/high-value-20260929/HANDSHAKE-SOP-AUTHORIZED.md,4925,2026-10-01T13:42:27,DID-BR-000002,核心文本内核锁档
7b5fed85284b97b3cd495f43efb8eb2aea64d681d19945b276c270f8df7b3a9d,core/docs/high-value-20260929/INDUSTRIAL-MACHINE-V1.0.md,3132,2026-10-01T13:42:27,DID-BR-000002,核心文本内核锁档
f0a7ba33193aa1f3c6b7b875bf173189233871c951de3909bb5554228c9ff16d,core/docs/high-value-20260929/JTXN-WUYAN-WUBAO/ATTESTATION-20260929-JTXN-WUYAN-WUBAO.json,4348,2026-10-01T13:42:27,DID-BR-000002,核心文本内核锁档
8f67e6db537c78b7a382a81b2d4ee43c24ee9accaddedd1aa1588215e157804c,core/docs/high-value-20260929/JTXN-WUYAN-WUBAO/BASELINE-ANCHOR-20260913.md,2642,2026-10-01T13:42:27,DID-BR-000002,核心文本内核锁档
29b1a5af87edb5c5bcff22abd52360070bea20031ea190b3d3fa8961b3289735,core/docs/high-value-20260929/JTXN-WUYAN-WUBAO/CLOUD-UPLOAD-RECEIPT-B001.md,1611,2026-10-01T13:42:27,DID-BR-000002,核心文本内核锁档
956e0dca7a750a59e5f3826d6f1042e10e55431cbc6d3d5f508368a780c03666,core/docs/high-value-20260929/JTXN-WUYAN-WUBAO/HANDSHAKE-SOP-V1.0.md,4925,2026-10-01T13:42:27,DID-BR-000002,核心文本内核锁档
1a919433145266bf3d2e1e77e9b00f465bfd7649784cab6415b85e9305d91bff,core/docs/high-value-20260929/JTXN-WUYAN-WUBAO/LOCK-CREDENTIAL-SNAP-20260913-B003.md,2382,2026-10-01T13:42:27,DID-BR-000002,核心文本内核锁档
efe0bcf17fa6f27bc611ef7e1727ebc26db294046e133dcb195eaeb2c4318957,core/docs/high-value-20260929/JTXN-WUYAN-WUBAO/MANIFEST-SNAP-20260913-B003.json,6453,2026-10-01T13:42:27,DID-BR-000002,核心文本内核锁档
1989600f60f1a90a01c27c0a2aaa09b8322fb49c994dd37ac93d0038de56d0a0,core/docs/high-value-20260929/JTXN-WUYAN-WUBAO/NODE-ONBOARDING-SOP-v1.1.md,7003,2026-10-01T13:42:27,DID-BR-000002,核心文本内核锁档
0a55acdc3151ee4265a801e1ef9a888fffc2392242a4c7a63edb2f9004615d63,core/docs/high-value-20260929/JTXN-WUYAN-WUBAO/PIPELINE-SUMMARY-20260929-JTXN-WUYAN-WUBAO.json,696,2026-10-01T13:42:27,DID-BR-000002,核心文本内核锁档
c065117974b0571fe251595944a9ebb072278fc19b89e80131c57d832a7ace59,core/docs/high-value-20260929/JTXN-WUYAN-WUBAO/REPORT-RECEIPT-B003.md,980,2026-10-01T13:42:27,DID-BR-000002,核心文本内核锁档
3599fcc0501e1648000f6ad811103f5be9324a0a49db8933aee82c3702cf05bf,core/docs/high-value-20260929/JTXN-WUYAN-WUBAO/WORKS-LIBRARY-20260913.json,5068,2026-10-01T13:42:27,DID-BR-000002,核心文本内核锁档
983b45e734cac6c7f54765d7ea5a2eb1a5a170cb82c901b058d4e1d69abedde2,core/docs/high-value-20260929/JTXN-WUYAN-WUBAO/cloud-extract-delivery-20260913.md,3405,2026-10-01T13:42:27,DID-BR-000002,核心文本内核锁档
5875952c27c8f7c7a71ce00a22607c0effcdad48cdb4999e194205007ebc0096,core/docs/high-value-20260929/JTXN-WUYAN-WUBAO/kernel-learning-pack-cloud.md,7121,2026-10-01T13:42:27,DID-BR-000002,核心文本内核锁档
c84e03ba5a5e3db442434c2c471f225bae2b5fae7faa477b472b86325e6c048e,core/docs/high-value-20260929/NODEPITFALLS-V1.0.md,1515,2026-10-01T13:42:27,DID-BR-000002,核心文本内核锁档
9dbd29b8e9bb0d609d7b19a9e9f96e6109532d2d6b3bdbe92e6a7d8e1b089fe0,core/docs/high-value-20260929/REALM005-CANGYANJINGHAI/ATTESTATION-SNAP-20260913-REALM005-CANGYANJINGHAI.json,727,2026-10-01T13:42:27,DID-BR-000002,核心文本内核锁档
b438469b31d703c0ae3f61a1b753e2e9c42713bc850dc041550867a2d5e76102,core/docs/high-value-20260929/REALM005-CANGYANJINGHAI/BASELINE-ANCHOR-20260913.md,297,2026-10-01T13:42:27,DID-BR-000002,核心文本内核锁档
be1f1f71c38526aec6aff2bc7c87db5d48c35444b3f666aee871796d2ca5810c,core/docs/high-value-20260929/REALM005-CANGYANJINGHAI/HANDSHAKE-SOP-V1.0.md,397,2026-10-01T13:42:27,DID-BR-000002,核心文本内核锁档
576de39446a88c8ddd9452b872248df77ca6db820be17f1aded10d07a7db46f2,core/docs/high-value-20260929/REALM005-CANGYANJINGHAI/LOCK-CREDENTIAL-SNAP-20260913-REALM005-CANGYANJINGHAI.md,2372,2026-10-01T13:42:27,DID-BR-000002,核心文本内核锁档
5dca3fd116f04fdf9cc74f4be06f9ed4a181c819b260a4c1d50ca3e60b6588da,core/docs/high-value-20260929/REALM005-CANGYANJINGHAI/MANIFEST-SNAP-20260913-REALM005-CANGYANJINGHAI.json,1768,2026-10-01T13:42:27,DID-BR-000002,核心文本内核锁档
e4d3a5849f52da87d7c086f07a0aa411165a0b0f8e96fe9e2c3c7dffd48ca7e3,core/docs/high-value-20260929/REALM005-CANGYANJINGHAI/NODE-ONBOARDING-SOP-v1.1.md,337,2026-10-01T13:42:27,DID-BR-000002,核心文本内核锁档
fbd8d61ee1a79d2adc8fa7b81d8b4964df2d5cac2d9d85af8b7dfd9e7e7d4fdd,core/docs/high-value-20260929/REALM005-CANGYANJINGHAI/PIPELINE-SUMMARY-SNAP-20260913-REALM005-CANGYANJINGHAI.json,1420,2026-10-01T13:42:27,DID-BR-000002,核心文本内核锁档
0f01b04f071e59817e9df1327a726e204e4ef97f86bd940515b87ee3febdd7d8,core/docs/high-value-20260929/REALM005-CANGYANJINGHAI/report1.json,441,2026-10-01T13:42:27,DID-BR-000002,核心文本内核锁档
e308f016c470d000c9def6762d1b69f7169bdb21cad1c016659586b63fa264b2,core/docs/high-value-20260929/REALM005-CANGYANJINGHAI/report2.json,455,2026-10-01T13:42:27,DID-BR-000002,核心文本内核锁档
12931cfe0fed914cbb269bd9daff47eec2dbb0e93fd3f79fbc32dbe886306a33,core/docs/high-value-20260929/REALM005-CANGYANJINGHAI/report3.json,424,2026-10-01T13:42:27,DID-BR-000002,核心文本内核锁档
d3fc27de241383aa32ee0d131e5f15dfb7f303a2cebd6b7e20d5ffd86ae07417,core/docs/high-value-20260929/SKU-S1-S6-quota-mapping-v1.0.md,2481,2026-10-01T13:42:27,DID-BR-000002,核心文本内核锁档
1191be71ba244e5c0ed9bd5c7cafa2416ae4cbcdd76c298d2b30a14c74fe6c96,core/docs/high-value-20260929/SOP-LEARN-REALM/ARCHIVE-GEN-20260929-SOP-LEARN-REALM.md,770,2026-10-01T13:42:27,DID-BR-000002,核心文本内核锁档
8f67e6db537c78b7a382a81b2d4ee43c24ee9accaddedd1aa1588215e157804c,core/docs/high-value-20260929/SOP-LEARN-REALM/BASELINE-ANCHOR-20260913.md,2642,2026-10-01T13:42:27,DID-BR-000002,核心文本内核锁档
48ef2df3c46558bb3860dc3b5ebeed5373adcef40a4565d15391c42c22ee3e5c,core/docs/high-value-20260929/SOP-LEARN-REALM/CORE-ASSET-20260913-SOP-LEARN-REALM.md,2860,2026-10-01T13:42:27,DID-BR-000002,核心文本内核锁档
956e0dca7a750a59e5f3826d6f1042e10e55431cbc6d3d5f508368a780c03666,core/docs/high-value-20260929/SOP-LEARN-REALM/HANDSHAKE-SOP-V1.0.md,4925,2026-10-01T13:42:27,DID-BR-000002,核心文本内核锁档
5875952c27c8f7c7a71ce00a22607c0effcdad48cdb4999e194205007ebc0096,core/docs/high-value-20260929/SOP-LEARN-REALM/KERNEL-LEARNING-PACK-V2.md,7121,2026-10-01T13:42:27,DID-BR-000002,核心文本内核锁档
35efc38d3471d1702b0205b29e7955378f4c15d1fc281cbcabbad4347b2bd4c6,core/docs/high-value-20260929/SOP-LEARN-REALM/LOCK-CREDENTIAL-SNAP-20260913-SOP-LEARN-REALM.md,3418,2026-10-01T13:42:27,DID-BR-000002,核心文本内核锁档
2a95ec77be039d9af873c8b7fd7cc6af06da97e175106f5d4b08998288b82a89,core/docs/high-value-20260929/SOP-LEARN-REALM/MANIFEST-SNAP-20260913-SOP-LEARN-REALM.json,3364,2026-10-01T13:42:27,DID-BR-000002,核心文本内核锁档
1989600f60f1a90a01c27c0a2aaa09b8322fb49c994dd37ac93d0038de56d0a0,core/docs/high-value-20260929/SOP-LEARN-REALM/NODE-ONBOARDING-SOP-V1.1.md,7003,2026-10-01T13:42:27,DID-BR-000002,核心文本内核锁档
128d24d8251d639178486e7733eca95f6fb7f2ab02a34e7e73a3db864c48c081,core/docs/high-value-20260929/WORKS-INVENTORY-20260921.md,2580,2026-10-01T13:42:27,DID-BR-000002,核心文本内核锁档
94bfaffa8cf0fe91c1ffda21d109aa6e933565ee5cec1a9f4103ad9a13691c53,core/docs/high-value-20260929/works-live.json,108732,2026-10-01T13:42:27,DID-BR-000002,核心文本内核锁档
c23a02ff6cb9458300aa4f14440e571640483ef2e7203a8179861182e8ac4c96,core/docs/high-value-20260929/元极恒一超认知永恒自治模式-分析优化方案.md,5322,2026-10-01T13:42:27,DID-BR-000002,核心文本内核锁档
bb554250c19351ce7624164b9d70b1f7b6c0bcc3201e6c3d5aafee48fc553a85,core/docs/根API增量补丁同步接口文档.md,4667,2026-10-01T13:42:27,DID-BR-000002,核心文本内核锁档
d1c692936d17ffd58fcecac141421ae0ac3001af2f473a2964a7ee238e7b3e03,core/docs/跨端握手仿真报告.md,3942,2026-10-01T13:42:27,DID-BR-000002,核心文本内核锁档
05d3bb439da75a8eb4f18857cb880173563798a3864e49b22ea4fe602434e6ab,core/domains/SD-AST-001/INDEX.md,1028,2026-10-01T13:42:27,DID-BR-000002,核心文本内核锁档
917e50ac3b8f6371d9f19cb311e77ba1ef4af3874266828b89aa0b4b5f6b47a8,core/domains/SD-COM-001/INDEX.md,146,2026-10-01T13:42:27,DID-BR-000002,核心文本内核锁档
8a6f0e30e29cb411365a0b7e21d4916e9f580fbb1f3940d9ea905e66e74ef656,core/domains/SD-COM-001/huodouai-domain-ledger-20260914.md,7573,2026-10-01T13:42:27,DID-BR-000002,核心文本内核锁档
262561382f1223326c582dff53a092e49215d9518a593f26ce94d80b1f50f958,core/domains/SD-EDU-001/INDEX.md,146,2026-10-01T13:42:27,DID-BR-000002,核心文本内核锁档
5bf4235dfba102860c455f87af21639e2e3ee8d127a48f984781cb7c301895d4,core/domains/SD-IP-001/SHORTDRAMA-PIPELINE-ARCH-V1.md,7934,2026-10-01T13:42:27,DID-BR-000002,核心文本内核锁档
f258ed9ed13ca5d1f51aa831509f95abf0bae815650dd24edb8faf43ae623c45,core/domains/SD-RND-001/GITEE-MAXIMIZE-PLAN-V1.md,2332,2026-10-01T13:42:27,DID-BR-000002,核心文本内核锁档
f1b90f3ef9ae8f7ee305484ce9f5f22693a6cbd23bacc0719ff035cab6152653,core/domains/SD-RND-001/INDEX.md,1091,2026-10-01T13:42:27,DID-BR-000002,核心文本内核锁档
1ede146c32641f81a2d762d04b0c1da799168adf11d37383c0a3b0df8e80e5e1,core/domains/SD-TRV-001/INDEX.md,146,2026-10-01T13:42:27,DID-BR-000002,核心文本内核锁档
f0ee9018451bda635e8bb485a9b29216f589abee13b50a0c572204ddd2ec8d25,core/kernel/ADAPTIVE-SHARDING-V1.md,512,2026-10-01T13:42:27,DID-BR-000002,核心文本内核锁档
ae370713b52c0a2aff8b8dc2ebb313224bd34d99b432caaf53d642d053daa832,core/kernel/AUTO-QUALITY-GATE-V1.md,617,2026-10-01T13:42:27,DID-BR-000002,核心文本内核锁档
86be2ff147469811829de20b1ff8d52d704eb5642a8a5d04e56cb29a6a7164c9,core/kernel/AUTONOMOUS-DECISION-OPTIMAL-STEADY-V1.md,1553,2026-10-01T13:42:27,DID-BR-000002,核心文本内核锁档
efc8d5246232de6878d502d3f2e4042a86e54bf140eaa1f8ad715239c04ec299,core/kernel/CONTINUOUS-EVOLUTION-PIPELINE.md,1430,2026-10-01T13:42:27,DID-BR-000002,核心文本内核锁档
be55780a5cb50ed8c71c8597590dc95fcf4cb2c8a0a1bacc46b3f1ab6a04fd82,core/kernel/CROSS-NODE-COORDINATION-V1.md,889,2026-10-01T13:42:27,DID-BR-000002,核心文本内核锁档
0ec84a7816cc29c7716167806e9adcf178f6f3723f5f1533d8dbfc1bdd3c4112,core/kernel/FAULT-AUTO-HEAL-V1.md,497,2026-10-01T13:42:27,DID-BR-000002,核心文本内核锁档
be7e96098302388ecdd5eee360a109f0e3fe69e344c50f7607745812c4433838,core/kernel/META-EVOLUTION-LOOP-SOP.md,1207,2026-10-01T13:42:27,DID-BR-000002,核心文本内核锁档
48fa231f283f6e843c6fb126a4ecc8c0981fab075e60a1a56eec752000306dcd,core/kernel/ORGANIZER-KERNEL-V1.md,1960,2026-10-01T13:42:27,DID-BR-000002,核心文本内核锁档
6e3f5f5620aa387def7d60d4af9b24c35a1674fd43f7f6741bcfe60f1f22a8f4,core/kernel/SELF-LEARNING-EVOLUTION-V1.md,672,2026-10-01T13:42:27,DID-BR-000002,核心文本内核锁档
544fb8359682f1a42f2f17c4c712bb09485e3c5e1912ee1b9a0ed88ac76ef455,core/ledger/ASSET-LEDGER.json,600,2026-10-01T13:42:27,DID-BR-000002,核心文本内核锁档
04ce521b573838a0b17ecc71548b5989cc1b4e71c92376169315e92948ff0bae,core/media/.healing_logs/DECISION-AUDIT-PIPELINE-SNAP-20260922-MEDIA-ARCHIVE.json,1297,2026-10-01T13:42:27,DID-BR-000002,核心文本内核锁档
d5f25a6ad40cf56a41f7c2f7098dda13c289a15aa8feb28cee30868282fa2784,core/media/ATTESTATION-SNAP-20260922-MEDIA-ARCHIVE.json,698,2026-10-01T13:42:27,DID-BR-000002,核心文本内核锁档
cdf691e57eb27ec4d2d4bfe0faf9cc4fd54f0fc8801be63e93721e6917f6c23c,core/media/LOCK-CREDENTIAL-SNAP-20260922-MEDIA-ARCHIVE.md,12269,2026-10-01T13:42:27,DID-BR-000002,核心文本内核锁档
893692c8e91551b2e576d7bfc82d992c9c4e0c1169a29949b1ebcb14b4897a9a,core/media/LV5-COGNITION-1790010940.json,11470,2026-10-01T13:42:27,DID-BR-000002,核心文本内核锁档
cf264f914c7ffaf313626fe28235a91cee19c52c940edb8086e830f82c689aa7,core/media/LV6-CIVILIZATION-1790010940.json,6160,2026-10-01T13:42:27,DID-BR-000002,核心文本内核锁档
33a5eef98cc58d853f8a00c50f373c3e68da8973aef53211b7d0a88e73aa717e,core/media/MANIFEST-SNAP-20260922-MEDIA-ARCHIVE.json,16230,2026-10-01T13:42:27,DID-BR-000002,核心文本内核锁档
db3162b02f0fdf24f5f2cfb862df2481b191ba65f1081e5b229573958867d994,core/media/MEDIA-ARCHIVE-CREDENTIAL-20260922.md,983,2026-10-01T13:42:27,DID-BR-000002,核心文本内核锁档
a860dd6430eb73c8416a5a0ac0dc295e1fcf9c88f64e09783e2594de8dc7dcd0,core/media/MEDIA-MANIFEST-20260922.json,15734,2026-10-01T13:42:27,DID-BR-000002,核心文本内核锁档
b4d96663e693e57f9826a3559ea5eff080a79588f2d9d5d6365d983a2938591f,core/media/PIPELINE-SUMMARY-SNAP-20260922-MEDIA-ARCHIVE.json,1313,2026-10-01T13:42:27,DID-BR-000002,核心文本内核锁档
12c9f6df0e965049f95bca95bf6fc2dffe093d05518554275a2aea5105e8c00a,core/media/efuse_chain.json,796,2026-10-01T13:42:27,DID-BR-000002,核心文本内核锁档
55c16ba50737b098af67fdb4395c6b368e3910de71bdf2215262701794e21641,core/media/works_data.json,24247,2026-10-01T13:42:27,DID-BR-000002,核心文本内核锁档
4177d213c422331dd00f694677c66c3f99c188fb49948449ce1b867d18ab819e,core/runtime/.breakpoint.json,68,2026-10-01T13:42:27,DID-BR-000002,核心文本内核锁档
439f85b2f84d816fbfb7def9f00ef981d0acde19253f32fd585a6ee91aec0d2f,core/runtime/.learn_log.json,158,2026-10-01T13:42:27,DID-BR-000002,核心文本内核锁档
76a723e025f5b8fb4a7ae2b13884b4cb0ed8718b5bb6a98a4014ea8b40665376,core/runtime/RUNTIME-LANDING-METHODOLOGY.md,949,2026-10-01T13:42:27,DID-BR-000002,核心文本内核锁档
ad388b510b9eee1f0d60a2089ceaf3d3e2dcba592dbb128e956dc0256977e7f9,core/runtime/adaptive_sharding.py,690,2026-10-01T13:42:27,DID-BR-000002,核心文本内核锁档
f4bd1d22b9b8d65ed4d02baaa55c41bb663b8fbbe72df450d499062c01eb33e6,core/runtime/auto_activate.py,1056,2026-10-01T13:42:27,DID-BR-000002,核心文本内核锁档
389f9fcd6197ab2eb5b0a31449941c3ad2a346c7ac958a058bea52ff4d76f10b,core/runtime/breakpoint.py,683,2026-10-01T13:42:27,DID-BR-000002,核心文本内核锁档
daa3b23b638e70d2c5fea2484aea2a4f9747d47ac3758005cdeb7cc929e2354d,core/runtime/cross_node.py,473,2026-10-01T13:42:27,DID-BR-000002,核心文本内核锁档
6a7431670cc97de913aea7c131cee979aed2b937ea9d36566b6bfd96f3ea466f,core/runtime/fault_heal.py,871,2026-10-01T13:42:27,DID-BR-000002,核心文本内核锁档
6b15fafc7179a811e7dc2abd7199877605d2907db2da8c1340d5205a98769b33,core/runtime/lock_chain.py,1117,2026-10-01T13:42:27,DID-BR-000002,核心文本内核锁档
caf576537e660dc9ebc99a9020d91566be7a8f4bb1cd5e66ee225aec933fdeac,core/runtime/meta_loop.py,781,2026-10-01T13:42:27,DID-BR-000002,核心文本内核锁档
d75d250103b2b02df5c82ff016e51b65e88ca816ae8db7464ef3da66a460e924,core/runtime/orchestrator.py,536,2026-10-01T13:42:27,DID-BR-000002,核心文本内核锁档
764fa5e605a3f88f3e3b74223765cd32a4c43a3a4a2866fd7d3ee31c6ad4871b,core/runtime/peer_handshake.py,854,2026-10-01T13:42:27,DID-BR-000002,核心文本内核锁档
bc2934225d83622cecd7cb7b9ba8ba014dfff2dcf6cd6d74d4d456e2074e9625,core/runtime/quality_gate.py,1286,2026-10-01T13:42:27,DID-BR-000002,核心文本内核锁档
3ca0c343641d852fc17ec4a22c53775e4df37fd4f1a559d51e8cd28897ffb2cf,core/runtime/self_learn.py,820,2026-10-01T13:42:27,DID-BR-000002,核心文本内核锁档
a68339447c95caf6b3a0c9c06675f79ae6757b8a84d325f41a9d3f3dc7132852,core/runtime/steady_scorer.py,720,2026-10-01T13:42:27,DID-BR-000002,核心文本内核锁档
32a5c89bf649760257b24fd6d7e8ed6d46727d2e659a8a4c5e8899b3237da053,core/scripts/capture_daemon.sh,84,2026-10-01T13:42:27,DID-BR-000002,核心文本内核锁档
78c12de6f479a1b38e4d372d635a7fb526ea279db14482cad0cc9ad30f47783e,core/scripts/capture_sync.sh,1508,2026-10-01T13:42:27,DID-BR-000002,核心文本内核锁档
86eb0ba49bb787565a02b2ea2d11c2fec12878862893056b78ea1642727df9ec,truth/TCEE-CORE-TRUTH-CLOSURE-v1.0.md,20152,2026-10-01T13:42:27,DID-BR-000002,核心文本内核锁档
4bed9eec1b399b0bd188f5e5558b5a8210d406dade35990f710749648ec082a5,scripts/worker_auto_deploy_timer.sh,9540,2026-10-01T13:42:27,DID-BR-000002,核心文本内核锁档
439143afe77313725f9f6559e349bfa6901a0bb65d58ab50a8206854eadcd431,showcase/README.md,2633,2026-10-01T13:42:27,DID-BR-000002,核心文本内核锁档
db925572030b6cc0b4aa5da3ac3f44c51e4c40f4cc2001477efe000e8f775f88,showcase/docs-public/HOMOLOGOUS-PROTOCOL-PUBLIC.md,1025,2026-10-01T13:42:27,DID-BR-000002,核心文本内核锁档
3a1b862aafda47044aaf717c6b8a568f30b73782cc26fd701b6a6746611ed443,showcase/docs-public/HUB-INDEX-PUBLIC.md,554,2026-10-01T13:42:27,DID-BR-000002,核心文本内核锁档
be7e96098302388ecdd5eee360a109f0e3fe69e344c50f7607745812c4433838,showcase/docs-public/META-EVOLUTION-LOOP-SOP.md,1207,2026-10-01T13:42:27,DID-BR-000002,核心文本内核锁档
5d07f7725e9f773d4905c769c5c4856f48dae5664cd222c4c07651ee1f92bd39,showcase/docs-public/TECHNICAL-WHITEPAPER-V1.5.md,1333,2026-10-01T13:42:27,DID-BR-000002,核心文本内核锁档
66cfdf7ddd6606b7ed06697b4f4958d2a6fe3b14c954c5f7632f8a6e8f8991be,showcase/keyframes/README.md,1219,2026-10-01T13:42:27,DID-BR-000002,核心文本内核锁档
acfbe39e06dd96c9cdcd55d26879efac03936dcc82fe7234e9cb5f2bbad30720,docs/MODELSCOPE-BACKUP-STRATEGY-V2.md,1103,2026-10-01T13:42:27,DID-BR-000002,核心文本内核锁档
7c279334ad6d2c41bf3a4d7d176bb44dcd6c97b38610ea44a00d90221ebbd586,卷宗/worker-auto-deploy-v2.1.json,1554,2026-10-01T13:42:27,DID-BR-000002,核心文本内核锁档
c8c39dd85c3f111c2513c73ee45ad545325e56172e41a3cb0e2dd6c8c50887df,CENTRAL-BRAIN-SYNC-REPORT.json,1126,2026-10-01T13:42:27,DID-BR-000002,根级内核锁档
75c6aa6b5873ddaadaf354f4f9a23b8424176bca18ece70d0475328fc57ebbe3,HUB-INDEX.md,1257,2026-10-01T13:42:27,DID-BR-000002,根级内核锁档
728e5188f16bc15546332dc1497afd3915bd79631ee4bdf6c405c7a0906f39df,HUB-SAME-SOURCE-PROTOCOL-V1.md,2095,2026-10-01T13:42:27,DID-BR-000002,根级内核锁档
5f9335937d48e97a2cc3a79a9ee5cdd14beff15327dc9e6f32849b923a390c87,README.md,398,2026-10-01T13:42:27,DID-BR-000002,根级内核锁档
